CompoundID,SMILES,Kpuu
CHEMBL3623290,COc1cc2ncnc(Nc3cccc(Cl)c3F)c2cc1OC(=O)N1CCN(C)C[C@H]1C,0.91
CHEMBL5396961,C[C@@]1(N2CCC(c3cc4cc(NC(=O)C5CC56CC6)ncc4cc3Cl)CC2)COC[C@@H]1O,0.6
CHEMBL428690,CN1CC[C@H](c2c(O)cc(O)c3c(=O)cc(-c4ccccc4Cl)oc23)[C@H](O)C1,0.1196666666666666
CHEMBL4640254,Cn1nnc2ccc3c(NC4CN(c5cc(Cl)ncc5Cl)C4)ncnc3c21,0.11
CHEMBL4089114,O=C(Nc1ccc(F)cn1)c1cc(Oc2cncc(F)c2)cn2ncnc12,0.6
CHEMBL3127100,C[C@]12CCOC[C@@H]1[C@]1(COC(N)=N1)c1cc(-c3cc(F)cc(Cl)c3)ccc1O2,0.72
CHEMBL4170481,Cc1ccc2[nH]c(C(=O)N[C@H]3Cc4ccccc4[C@@H]3NC(=O)[C@@H]3CN(C)CCO3)cc2c1,0.292
CHEMBL5416410,Cc1nc(Nc2ncc(C(=O)Nc3c(C)cccc3Cl)s2)cc(N2CCN(CCO)CC2)n1.O,0.016
CHEMBL4743180,CNC(=O)NC1CCN(C(=O)[C@@H](CCCCN)NC(=O)[C@@H](CC(C)C)NC(=O)[C@@H](Cc2ccccc2)NC(=O)CNC[C@H](C)c2ccccc2)CC1,0.006
CHEMBL4066301,Cc1nnc2sc(C(=O)NC3CN(C(=O)c4ccncc4)C3)c(N)c2c1C,0.37
CHEMBL4780651,Cc1c(Cl)nnc2sc(C(=O)NC3CN(c4ncc(C(F)(F)F)cn4)C3)c(N)c12,0.17
CHEMBL5189883,C/C=C/c1cnc(C(=O)NCCOC)cc1Nc1ccccc1F,1.1
CHEMBL2152922,OC1(CN2CCC(COc3noc4cccc(O[C@@H]5CCOC5)c34)CC2)CCOCC1,0.7
CHEMBL4456722,CN(C)CCn1cc(-c2ccc3c(c2)C(=O)Nc2cccc(n2)-c2nncn2CCCCO3)cn1,1.0
CHEMBL3938522,N#C[C@@H]1C[C@H]1c1c(Cl)ccc2nc(Cn3nc(C(F)(F)F)cc3Cl)cc(=O)n12,0.67
CHEMBL219916,O=c1[nH]c2ccccc2n1CCCN1CCC(n2c(=O)[nH]c3cc(Cl)ccc32)CC1,0.022
CHEMBL4535626,O=C1CN(c2nccn3c(-c4ccc5c(c4)CC(=O)N5)c(-c4ccc(F)cc4)nc23)CCN1,0.01
CHEMBL3542429,Cc1nc2n(c(=O)c1CCN1CCC(c3noc4cc(F)ccc34)CC1)CC(O)CC2,0.6025
CHEMBL5178575,FC(F)(F)c1c(Cl)ccc(-n2ccnn2)c1Cl,0.76
CHEMBL5436727,Nc1ncc(-c2cn(C34CC(N5CCOCC5)(C3)C4)c(C3CC3)n2)cc1OC(F)(F)F,0.73
CHEMBL3329755,CCN(Cc1ccccc1C(F)(F)F)C(=O)C1CCN(S(=O)(=O)c2ccc3[nH]ncc3c2)CC1,0.28
CHEMBL2361777,COc1ccc(-c2c(C)nn3c(C(F)(F)F)cc(C)nc23)cc1,1.1
CHEMBL5315124,C[C@H]1COc2c(N3CCN(C)CC3)c(F)cc3c(=O)c(C(=O)O)cn1c23.C[C@H]1COc2c(N3CCN(C)CC3)c(F)cc3c(=O)c(C(=O)O)cn1c23.O,0.12
CHEMBL5205510,C/C=C/c1cnc(C(=O)NC[C@@H](F)CO)cc1Nc1ccccc1F,0.59
CHEMBL4172016,COc1cc(F)c(-c2c(C)nn3c(C(F)(F)F)cc(C)nc23)cc1F,0.9
CHEMBL4744634,N#Cc1cnc2c(OC3CCOC3)cccc2c1N1CCN(c2ccccc2F)CC1,0.79
CHEMBL5282643,COc1cc(F)cc2c(N3CCN4c5c(F)cccc5OC[C@@H]4C3)c(C#N)nnc12,3.846666666666666
CHEMBL4462175,Cc1cccc(C)c1CN1CCn2cc(O)c(=O)cc2C1,0.06
CHEMBL5279615,CC(C)(O)C12CC(C1)N(c1cc(-n3ncc4ccc(-c5ccn[nH]5)cc43)ncn1)C2,0.2
CHEMBL4450339,C[C@H]1C[C@H]2CSC(N)=N[C@@]2(c2cc(C#N)ccc2F)CO1,2.1
CHEMBL1751,C[C@H]1O[C@@H](O[C@H]2[C@@H](O)C[C@H](O[C@H]3[C@@H](O)C[C@H](O[C@H]4CC[C@@]5(C)[C@H](CC[C@@H]6[C@@H]5C[C@@H](O)[C@]5(C)[C@@H](C7=CC(=O)OC7)CC[C@]65O)C4)O[C@@H]3C)O[C@@H]2C)C[C@H](O)[C@@H]1O,0.018
CHEMBL4216038,Cc1nnc2sc(C(=O)N3CC(C4CCCCC4)C3)c(N)c2c1C,0.71
CHEMBL2381848,CCC[C@H](Oc1cc(C)c(-n2cc(C(F)(F)F)cn2)c(C)c1)c1ccc(C(=O)NCCC(=O)O)cc1,0.026
CHEMBL4442714,O=C(c1cccc(N2CCNCC2)n1)N1CCC(c2ccccc2F)CC1,0.078
CHEMBL4534301,Cc1nc2cc(C)c3c(N)c(C(=O)NC4CN(c5cc(Cl)ncc5Cl)C4)sc3n2n1,0.02
CHEMBL2349480,CN1C(=O)C2(CC(C)(C)Cc3ccc(-c4cncnc4)cc32)N=C1N,0.405
CHEMBL4797139,FC(F)(F)c1nccc2cc(Nc3n[nH]c4ncccc34)ccc12,0.1066666666666666
CHEMBL163,CC(C)c1nc(CN(C)C(=O)N[C@H](C(=O)N[C@@H](Cc2ccccc2)C[C@H](O)[C@H](Cc2ccccc2)NC(=O)OCc2cncs2)C(C)C)cs1,0.0104
CHEMBL4591825,COCc1nnc(N2C[C@@H]3C[C@]3(c3ccc(F)cc3Cl)C2)n1-c1ccc(OC)nc1,0.188
CHEMBL4440980,C[C@@H]1CCCCn2ncc(-c3nc(Nc4ccc(N5CCN(C)CC5)cn4)ncc3F)c21,0.7366666666666667
CHEMBL4847801,Cn1cc2cc(-c3ccc(CN4Cc5ncsc5C4=O)c(F)c3)ccc2n1,2.2
CHEMBL4081861,CC(=O)Nc1cc(-c2ccc(C#N)cc2C)n2ncnc2c1,0.02
CHEMBL5409049,Nc1ncc(-c2cn(C34CC(C3)C4)c([C@@H](O)C(F)(F)F)n2)cc1OC(F)(F)F,1.1
CHEMBL4569114,COc1ccc(-c2cc(C(N)=O)nc3cc(COc4ccnc(C(F)(F)F)c4)nn23)c(F)c1,0.4
CHEMBL4544318,Nc1c(C(=O)c2ccncc2)sc2nc(OCCN3CCOCC3)c3c(c12)CCC3,0.48
CHEMBL3810183,Cc1sc2ncnc(N3CCC(Oc4ccc(Cl)nc4)CC3)c2c1C,0.17
CHEMBL5071551,Cc1cc(C)c2c(n1)sc1c(NCc3ccc(S(C)(=O)=O)cc3)ncnc12,0.45
CHEMBL1946811,CC1(C)CN(CCC#N)C(=O)[C@@H]1Oc1ccc(C#N)c(C(F)(F)F)c1,0.11
CHEMBL4533083,NC(=O)c1cc(-c2ccc(F)cc2)n2nc(COc3ccnc(Br)c3)cc2n1,0.4
CHEMBL5273263,CC[C@](C)(O)C#Cc1cc2c(cn1)cnn2-c1ccnc(N)n1,0.08
CHEMBL4165629,COc1cnc(C(=O)Nc2ccc(F)c([C@@]3(C)N=C(N)CO[C@H]3C(F)(F)F)c2)cn1,0.23
CHEMBL86,CCN(CC)CCNC(=O)c1cc(Cl)c(N)cc1OC,2.454
CHEMBL4176971,COc1ccc(C(=O)Nc2cc(OC(F)(F)F)ccc2-n2cncn2)cc1OC,0.4649999999999999
CHEMBL4062699,[2H]C1([2H])OC(N)=N[C@]12c1cc(-c3cc(Cl)cc(C#N)c3)ccc1C[C@]21CC[C@@H](OC)CC1,0.68
CHEMBL2380449,COc1cccc(-c2cccc(C3(C)CCSC(N)=N3)c2)c1,0.64
CHEMBL4636061,Cc1nc2ccc(C(=O)NC3CN(c4cc(Cl)ncc4Cl)C3)cn2c1C,0.21
CHEMBL5078388,CN1CC[C@@]23CCCC[C@@H]2[C@@H]1Cc1ccc(OC(F)(F)F)cc13,3.3
CHEMBL5077997,Cc1cc(C)c2c(n1)sc1c(N3CC4(COC4)C3)ncnc12,4.47
CHEMBL74632,CO[C@@]1(NC(=O)C(C(=O)O)c2ccc(O)cc2)C(=O)N2C(C(=O)O)=C(CSc3nnnn3C)CO[C@@H]21,0.019
CHEMBL4086143,O=C1CC(c2c[nH]c3ccc(F)cc23)C(=O)N1,0.2
CHEMBL5271921,O=C1NCCc2c1cnn2-c1cc(Cc2cccc(C(F)(F)F)c2)ccn1,0.4
CHEMBL3933906,CC(C)c1cc(CNC(=O)c2ccc(Cl)c(OC3CCN(C)CC3)c2)on1,0.71
CHEMBL5421096,FC(F)Oc1cc(-n2cc(COc3ncccn3)nn2)ccc1Cl,0.8033333333333333
CHEMBL3956275,C[C@H]1COCCN1c1nc(-c2cnc(N)nc2)c2c(n1)N([C@@]1(C)CCN(C(=O)C(C)(C)N)C1)CC2,0.065
CHEMBL4862702,Cc1c(F)cncc1-c1ccc2nc(NC(=O)[C@@H]3C[C@@H]3F)sc2c1,0.21
CHEMBL14762,CC[C@H](CO)Nc1nc(NCc2ccccc2)c2ncn(C(C)C)c2n1,0.205
CHEMBL2349467,CN1C(=O)[C@]2(CC(C)(C)Oc3ccc(-c4cncc(Cl)c4)cc32)N=C1N,0.0852222222222222
CHEMBL4792737,COc1ccc2c(c1)Cc1cccc(-c3cc(=O)cc(N4CCOCC4)o3)c1S2,0.4375
CHEMBL4100398,CN1C(=O)[C@@H](N2CCc3c(nn(Cc4ccccc4)c3Cl)C2=O)COc2cc(C#N)ccc21,0.3
CHEMBL5183719,O=c1[nH]cc(CSc2ccc(S(F)(F)(F)(F)F)cc2)[nH]c1=O,0.54
CHEMBL3809076,Cc1ccc(OC2CCN(c3cc(C)nc4ccc(F)cc34)CC2)cn1,18.2
CHEMBL4572957,Cc1cccc(-n2ccc(O[C@H](C)COc3ccccc3)cc2=O)c1,0.53
CHEMBL5085809,C[C@@H]1CN(C(=O)[C@H](C)N2CCC(n3c(=O)[nH]c4ccccc43)CC2)C[C@@H](C)N1,0.8
CHEMBL3809292,Cc1ccc2ncnc(N3CCC(Oc4ccc(C)nc4)CC3)c2c1,0.62
CHEMBL4545456,CCN1CC2(C1)CN(c1ccc(Nc3ncc(F)c(-c4cnn5c4[C@H](C)CCCC5)n3)nc1)C2,0.3566666666666667
CHEMBL2178606,COC(C)(C)c1cc2nc(-c3cnc(N)nc3)nc(N3CCOCC3)c2s1,0.4333333333333333
CHEMBL4549344,COc1ccc(-c2cc(C(N)=O)nc3cc(COc4ccc(C(F)(F)F)nc4)nn23)c(F)c1,0.4
CHEMBL4541942,Cc1ccc(OCc2cc3nc(C(N)=O)cc(-c4ccc(F)cc4)c3s2)cn1,0.2
CHEMBL4473725,Cn1ncc2ccc(N3CCN(c4cncc5ccc(C(F)F)cc45)CC3)cc21,0.34
CHEMBL1334217,O=C(O)COCCN1CCN([C@@H](c2ccccc2)c2ccc(Cl)cc2)CC1,0.1866666666666666
CHEMBL4466359,O=C1Cc2cc(-c3c(-c4ccc(F)cc4)nc4c(N5CCC(O)CC5)nccn34)ccc2N1,0.03
CHEMBL2349472,CN1C(=O)C2(CC(C)(C)Sc3ccc(-c4cc(F)cc(Cl)c4)cc32)N=C1N,0.375
CHEMBL521851,CS(=O)(=O)N1CCN(Cc2cc3nc(-c4cccc5[nH]ncc45)nc(N4CCOCC4)c3s2)CC1,0.05
CHEMBL5420393,CC(C)[C@H](O)c1nc(-c2cnc(N)c(OC(F)(F)F)c2)cn1C12CC(N3CCOCC3)(C1)C2,0.2
CHEMBL3915634,Cc1nnc2sc(C(=O)NCc3ccc(S(=O)(=O)C(F)(F)F)cc3)c(N)c2c1C,1.15
CHEMBL5417514,C=CC(=O)N1CCN2Cc3cc(C#CC)c(-c4c(O)cccc4Cl)c(F)c3OC[C@H]2C1,0.8525
CHEMBL5204251,Cc1ccc2nc(C(=O)NCCC#N)cc(Nc3ccccc3F)c2c1,0.71
CHEMBL5284353,O=C1NCCc2c1cnn2-c1ccnc(Cc2cc(F)cc(C(F)(F)F)c2)c1,0.35
CHEMBL4850236,Fc1cc(F)c(F)c(-c2ccc(N[C@H]3C[C@@H]4CN(CC5CCOCC5)C[C@@H]4C3)nn2)c1,0.61
CHEMBL4062225,C#Cc1ccc2c(c1)C(c1ccccn1)=NCc1c(-c3cnco3)ncn1-2,0.66
CHEMBL5086238,Cc1cc(C)c2c(n1)sc1c(N3CCCC3)ncnc12,5.36
CHEMBL4776981,Cc1c(Cl)nnc2sc(C(=O)NC3CN(c4cc(C(F)(F)F)ncc4Cl)C3)c(N)c12,0.16
CHEMBL4515326,Cc1nnc2sc(C(=O)c3cccnc3)c(N)c2c1C,0.48
CHEMBL2180068,CC(c1nc2c(cnn2C2CCOCC2)c(=O)[nH]1)N1CC(Oc2ncccn2)C1,0.05
CHEMBL3933538,COc1ccc(CNC(=O)c2sc3nnc(C)c(C)c3c2N)cc1,2.98
CHEMBL4203759,CC(C)(O)COc1ccc(C(N)=O)c(O[C@H]2CCN(C(=O)Cc3ccc(OC(F)(F)F)cc3)C[C@H]2F)c1,0.026
CHEMBL629,CN(C)CCC=C1c2ccccc2CCc2ccccc21,0.73
CHEMBL4760610,N#Cc1ccc(N2CCN(C(=O)CCS(=O)(=O)c3cccc4ncsc34)CC2)nc1,0.17
CHEMBL4169114,CCOc1ccc(C(=O)Nc2cc(OC(F)(F)F)ccc2-n2cncn2)cc1OC,0.83
CHEMBL572,O=C1CN(/N=C/c2ccc([N+](=O)[O-])o2)C(=O)N1,0.011
CHEMBL3810300,Cc1sc2ncnc(N3CCC(Oc4ccc5c(c4)CCO5)CC3)c2c1C,1.38
CHEMBL4097025,CNC(=O)N1CCc2c(c(N3CCCc4cc(-c5cnn(C)c5)c(C(F)F)cc43)nn2C2CCOCC2)C1,0.02
CHEMBL4569388,Cc1cn(-c2ccc3c(c2)C(=O)Nc2cccc(n2)-c2nncn2CCCCO3)cn1,0.1
CHEMBL4471825,CN(Cc1cccc(F)c1CNc1cc(F)c(S(=O)(=O)Nc2cscn2)c(F)c1)C(C)(C)C,0.43
CHEMBL3889746,O=C(Nc1ccc(OC(F)(F)F)cc1)c1cncc(-c2cccnc2)c1,0.91
CHEMBL500,CC(C)NCC(O)COc1cccc2[nH]ccc12,0.5
CHEMBL1172,Clc1ccc2c(c1)CCc1cccnc1C2=C1CCNCC1,0.061
CHEMBL4080878,Cc1ccc(OC2CCN(c3c(C#N)cnc4ccc(F)cc34)CC2)cn1,2.37
CHEMBL4583516,COc1cc(N2CC(NC(=O)c3ccc4nnc(C)c(C)c4c3)C2)c(Cl)cn1,0.02
CHEMBL4083851,N#Cc1ccc(-c2cccc3ncnn23)cc1,1.11
CHEMBL2178134,CCNc1nc(Nc2cc(F)c(C(=O)N3CCOCC3)cc2OC)ncc1C(F)(F)F,0.55
CHEMBL4172374,COc1ccc(-c2c(C)nn3c(C(F)(F)F)cc(C)nc23)cc1Cl,1.7
CHEMBL4438313,O=c1cc2n(cc1O)CCN(Cc1ccccc1)C2,0.1
CHEMBL3823059,Cn1cc2c(-c3cc(F)c(Cn4c(=O)cnc5ccccc54)c(F)c3)cccc2n1,0.77
CHEMBL4076748,CC(=O)N1CCc2c(c(N3CCCc4cc(-c5cnn(C)c5)c(C(F)F)cc43)nn2C2CCOCC2)C1,0.43
CHEMBL4437035,Cc1nnc2ccc(C(=O)NC3CN(c4cc(Cl)ncc4Cl)C3)cc2c1C,0.06
CHEMBL593,CC(C)Nc1cccnc1N1CCN(C(=O)c2cc3cc(NS(C)(=O)=O)ccc3[nH]2)CC1,0.043
CHEMBL5190013,Cc1ccc2nc(C(=O)NC[C@@H](F)CO)cc(Nc3ccccc3F)c2c1,0.9
CHEMBL27,CC(C)NCC(O)COc1cccc2ccccc12,0.61
CHEMBL4461693,O=c1cc2n(cc1O)CCN(Cc1ccc(Cl)cc1Cl)C2,1.48
CHEMBL2180026,COc1ccc(C2(c3cccc(-c4cccnc4)c3)N=C(C)C(N)=N2)cc1,0.08
CHEMBL4559283,Cc1nc2cc(C)c3c(N)c(C(=O)NC4CN(c5cnc(Cl)cn5)C4)sc3n2n1,0.22
CHEMBL2381968,O=C(O)[C@H]1CCCC[C@H]1C(=O)N1CCc2ccccc2[C@H]1CN1C(=O)c2ccccc2C1=O,0.205
CHEMBL2386771,Cc1cc(Oc2cnc(C)nc2)cc(C(=O)Nc2ccc(F)cn2)n1,0.36
CHEMBL4164328,CN(C)CCNC(=O)[C@H]1c2ccccc2C[C@@H]1NC(=O)c1cc2ccccc2[nH]1,0.02
CHEMBL5397175,C=CC(=O)N1CCN2Cc3cc(F)c(-c4c(C)cccc4O)c(F)c3OC[C@H]2C1,0.15
CHEMBL4210892,Cn1cnc(-c2cnc(O[C@H]3CCN(C(=O)Cc4ccc(OC(F)(F)F)cc4)C[C@H]3F)c(C(N)=O)c2)c1,0.043
CHEMBL4544036,CO[C@@H]1C[C@H](C(=O)Nc2ccc(-n3cc(Cl)ccc3=O)cc2F)N(C(=O)Nc2ccc(Cl)cc2)C1,0.064
CHEMBL5422141,Nc1ncc(-c2cn(C34CC(N5CCOCC5)(C3)C4)c(C3CC3)n2)cc1C(F)(F)F,0.34
CHEMBL2178613,CC1(C)OCCc2c1sc1c(N3CCOCC3)nc(-c3cnc(N)nc3)nc21,0.75
CHEMBL4642055,Cc1c2c(ccc3c(NC4CN(c5cc(Cl)ncc5Cl)C4)ncnc32)nn1C,0.11
CHEMBL4100832,[2H]C1([2H])OC(N)=N[C@]12c1cc(-c3cc(C#N)cc(OC)c3)ccc1C[C@]21CC[C@@H](OC)CC1,0.27
CHEMBL5075047,Cc1c(Nc2ncc3cc(Cl)c(C4CCN([C@@H]5COC[C@@H]5O)CC4)cc3n2)cnn1[C@@H]1CC1(F)F,0.43
CHEMBL4097852,Cc1c(C(=O)O)cnn1-c1nc(-c2cccc(C(F)(F)F)c2)cs1,0.12
CHEMBL2381825,CCCC(Oc1ccc(-n2cc3ccccc3n2)cc1)c1ccc(C(=O)NCCC(=O)O)cc1,0.018
CHEMBL5440542,Cc1cn2cc(NC(=O)c3cnc(N4CC[C@@H](NC5CC5)C4)cn3)cc(F)c2n1,0.35
CHEMBL296419,COc1ccc(CCN2CCC(Nc3nc4ccccc4n3Cc3ccc(F)cc3)CC2)cc1,0.577
CHEMBL2064632,CN(C)C[C@@H](OC(=O)N1Cc2c(NC(=O)C3(C(F)(F)F)CC3)n[nH]c2C1(C)C)c1ccccc1,0.013
CHEMBL4849331,Cc1ccncc1-c1ccc2nc(NC(=O)[C@@H]3C[C@@H]3F)sc2c1.Cl,0.175
CHEMBL1329,CN1CC[C@]23c4c5ccc(O[C@@H]6O[C@H](C(=O)O)[C@@H](O)[C@H](O)[C@H]6O)c4O[C@H]2[C@@H](O)C=C[C@H]3[C@H]1C5,0.011
CHEMBL5194500,O=c1[nH]c2ccsc2[nH]c1=O,0.005
CHEMBL5419652,N#Cc1ccc(Nc2nccc(C(=O)Nc3cnccc3-c3ccc(F)cc3)n2)cc1,0.4
CHEMBL4248057,Cn1ccc(-c2ccc(Cc3cc(C(=O)N[C@@H]4CCOC[C@H]4O)nc4c3ccn4C)cc2)n1,0.045
CHEMBL5400026,CN[C@@H]1CCN(c2cnc(C(=O)Nc3cc4cn(C)nc4c(C)c3F)cn2)C1,0.84
CHEMBL5275403,Cl.O=C(N1CCN2CCC1CC2)n1nc(-n2cc(C(F)(F)F)cn2)c2c1COCC2,1.3
CHEMBL963,CN1CC[C@]23c4c5ccc(O)c4O[C@H]2C(=O)CC[C@@]3(O)[C@H]1C5,0.79
CHEMBL85,Cc1nc2n(c(=O)c1CCN1CCC(c3noc4cc(F)ccc34)CC1)CCCC2,0.7946666666666666
CHEMBL398110,CCCn1cnc(C[C@H](CCCN)C(=O)O)c1,0.19
CHEMBL5202890,O=C(NC[C@@H](F)CO)c1cc(Nc2ccccc2F)c2cc(Br)ccc2n1,0.9
CHEMBL2338404,CC(C)(C)CS(=O)(=O)NCCN1CCN(CC(=O)NC23CC4CC(CC(C4)C2)C3)CC1,0.3
CHEMBL4071447,O=C(Nc1ccc(F)cn1)c1cc(Oc2cncc(F)c2)cn2cnnc12,2.1
CHEMBL5219865,O[C@@H]1CCCC[C@H]1CNc1cc(Br)cc2[nH]ncc12,0.28
CHEMBL2179583,CC(C)n1c(=O)n(C(=O)NCC2CCN(CC3(O)CCOCC3)CC2)c2cc(F)ccc21,1.6
CHEMBL5200348,Cc1cc2c(Nc3ccccc3F)cc(C(=O)NC3CC3)nc2cn1,0.51
CHEMBL4164496,Cc1cc(C(F)(F)F)n2nc(C)c(-c3ccc(OC(F)F)cc3)c2n1,0.8
CHEMBL5405161,Cc1cc(-c2n[nH]c(C)c2-c2cc(F)c(N3CCC4(CCS(=O)(=O)CC4)C3)c(F)c2)ccn1,0.0185
CHEMBL4226007,C[C@@H](F)[C@H]1OC(N)=N[C@](C)(c2cc(NC(=O)c3cnc(OCF)cn3)ccc2F)[C@H]1F,0.8383333333333334
CHEMBL3805563,Nc1noc2ccc(-c3cc(Cl)ccc3Oc3cc(F)c(S(=O)(=O)Nc4cscn4)cc3F)cc12,0.0018
CHEMBL4063837,CC(C)(C)C[C@@H]1COCc2nc(OCc3ccccn3)cc(=O)n21,0.89
CHEMBL4475472,Cc1nnc2ccc(C(=O)NC3CN(c4ccc(F)c(F)c4)C3)cc2c1C,0.56
CHEMBL4464358,Cn1ncc2ccc(N3CCN(c4cncc5ccc(C#N)cc45)CC3)cc21,0.56
CHEMBL4211252,Cc1nnc2sc(C(=O)N3CC(c4ccc(F)cc4)C3)c(N)c2c1C,1.3
CHEMBL5082563,FC1CN(C2COC2)CCC1c1cc2nc(Nc3cnn(C4CC4)c3Cl)ncc2cc1Cl,0.5
CHEMBL4641666,COc1nn(C)cc1C(=O)Nc1cccc(-c2cncn2C(C)C)n1,0.61
CHEMBL4456001,Cn1ncc2ccc(N3CCN(c4cncc5ccccc45)CC3)cc21,0.35
CHEMBL2347203,C[C@@]1(c2cc(NC(=O)c3ccc(C#N)cn3)ccc2F)CCOC(N)=N1,0.057
CHEMBL189963,CC(=O)c1c(C)c2cnc(Nc3ccc(N4CCNCC4)cn3)nc2n(C2CCCC2)c1=O,0.01
CHEMBL4527640,Cc1cc(C)c2c(N)c(C(=O)c3ccncc3)sc2n1,0.48
CHEMBL3923546,NC(=O)c1cc(NC(=O)c2cc(-c3ncccc3F)ccc2Cl)n(-c2ccccc2)n1,0.1
CHEMBL4444596,CN(CC(=O)N1CCN(c2cccc3ccccc23)CC1)C(=O)c1cccs1,0.4
CHEMBL130213,O=C(O)c1nc2cc(Cl)c(Cl)cc2nc1O,0.0018
CHEMBL939,COc1cc2ncnc(Nc3ccc(F)c(Cl)c3)c2cc1OCCCN1CCOCC1,0.0144999999999999
CHEMBL2178608,COC1(c2sc3c(N4CCOCC4)nc(-c4cnc(N)nc4)nc3c2C)COC1,0.4000000000000001
CHEMBL5179805,COCCNC(=O)c1cc(Nc2ccccc2F)c2cc(C)ncc2n1,0.89
CHEMBL5266235,C[C@H](C(=O)N[C@H]1COc2ccccc2[C@@H]1S(C)(=O)=O)c1ccc(F)cc1,0.45
CHEMBL5204021,Cn1ccnc1SC[C@H]1CCN(S(=O)(=O)c2ccc3c(c2)CCO3)C[C@@H]1F,0.43
CHEMBL657,CN(C)CCOC(c1ccccc1)c1ccccc1,4.016666666666667
CHEMBL5082904,Cc1cc(C)c2c(n1)sc1c(N3CCC3)ncnc12,6.49
CHEMBL374478,CO[C@H]1/C=C/O[C@@]2(C)Oc3c(C)c(O)c4c(O)c(c(/C=N/N5CCN(C)CC5)c(O)c4c3C2=O)NC(=O)/C(C)=C\C=C\[C@H](C)[C@H](O)[C@@H](C)[C@@H](O)[C@@H](C)[C@H](OC(C)=O)[C@@H]1C,0.035
CHEMBL1621,Cc1nc2n(c(=O)c1CCN1CCC(c3noc4cc(F)ccc34)CC1)CCCC2O,0.443
CHEMBL1112,O=C1CCc2ccc(OCCCCN3CCN(c4cccc(Cl)c4Cl)CC3)cc2N1,0.43
CHEMBL5433486,Cc1nnc(-c2ccc(-c3c(F)c(F)cc4c3C(=O)N([C@@H](C(C)(C)O)C(F)(F)F)C4)cc2)o1,0.4
CHEMBL3582112,Cc1noc(C)c1-c1cc2c(c3c1CCC3)NC(C)(C)C(=O)C2(C)C,1.8
CHEMBL4226994,CC(F)(F)[C@H]1OC(N)=N[C@](C)(c2cc(NC(=O)c3cnc(OCF)cn3)ccc2F)[C@H]1F,1.3833333333333335
CHEMBL1330,CN1CC[C@]23c4c5ccc(O)c4O[C@H]2[C@@H](O[C@@H]2O[C@H](C(=O)O)[C@@H](O)[C@H](O)[C@H]2O)C=C[C@H]3[C@H]1C5,0.284
CHEMBL2180070,C[C@H](c1nc2c(cnn2C2CCCC2)c(=O)[nH]1)N1CC(c2ncccn2)C1,1.4
CHEMBL1090058,COc1ccc(Cc2cc([C@@H]3OC4(COC4)[C@@H](O)[C@H](O)[C@H]3O)ccc2C)cc1,0.048
CHEMBL2349475,CN1C(=O)C2(CC(C)(C)Cc3ccc(-c4cccc(C#N)c4)cc32)N=C1N,0.09
CHEMBL2179582,CC1(C)C(=O)N(C(=O)NCC2CCN(CC3(O)CCOCC3)CC2)c2cc(F)ccc21,1.8
CHEMBL4647393,Cc1nn(C)c2cnc(C(=O)NC3CN(c4cc(Cl)ncc4Cl)C3)cc12,0.45
CHEMBL2315877,O=C(NC1CCCC1)C1CCN(c2nc3cc(Cl)ccc3o2)CC1,0.64
CHEMBL4462872,Cn1cc2ccc(N3CCN(c4cncc5ccccc45)CC3)c(F)c2n1,0.53
CHEMBL4740272,Cc1c(CF)nnc2sc(C(=O)NC3CN(c4ncc(C(F)(F)F)cn4)C3)c(N)c12,0.15
CHEMBL5199330,Cc1cc2c(Nc3ccccc3F)cc(C(=O)NCCC#N)nc2cn1,0.28
CHEMBL5404657,Cc1nc2c(F)cc(NC(=O)c3cnc(N4CC(CNC5CC5)C4)cn3)cc2o1,0.77
CHEMBL4531460,O=c1cc2n(cc1O)CCN(Cc1c(F)cccc1Cl)C2,0.26
CHEMBL5177176,CCN1C(=O)C(=O)N([C@H]2CCCN(C[C@H]3COc4ccccc4O3)C2)C1=O,0.4
CHEMBL5396660,Cc1[nH]nc(-c2ccncc2)c1-c1cc(F)c(N2CCC3(CCS(=O)(=O)CC3)C2)c(F)c1,0.033
CHEMBL4522625,CC(=O)N1CCN(c2nccn3c(-c4ccc5c(c4)CC(=O)N5)c(-c4ccc(F)cc4)nc23)CC1,0.06
CHEMBL4062319,Cc1nnc2sc(C(=O)NC3CN(c4cccc(F)c4F)C3)c(N)c2c1C,0.86
CHEMBL4634770,COc1cc(N2CC(Nc3ncnc4c3ccc3nn(C)c(C)c34)C2)c(Cl)cn1,3.88
CHEMBL4091821,Cc1nnc2sc(C(=O)NCc3ccc(-c4cccnc4F)cc3)c(N)c2c1C,1.9
CHEMBL75,CC(=O)N1CCN(c2ccc(OC[C@H]3CO[C@](Cn4ccnc4)(c4ccc(Cl)cc4Cl)O3)cc2)CC1,0.16
CHEMBL5428129,Cn1ccc([C@H]2C[C@@H]2C(=O)Nc2cc3cc(C4CCN([C@]5(C)COC[C@@H]5O)CC4)c(Cl)cc3cn2)n1,0.3
CHEMBL2158050,COc1ccc2ncc(F)c([C@@H](O)CC[C@@H]3CCN(CCSc4cccs4)C[C@@H]3C(=O)O)c2c1,0.0032
CHEMBL5199411,O=C([C@H]1C[C@@H](c2cccc(Cl)c2)CN1)N1CCN(c2nccc3ccsc23)CC1,0.36
CHEMBL4211076,Cc1nnc2sc(C(=O)N3CC(c4ccccc4)C3)c(N)c2c1C,2.1
CHEMBL4550517,COc1ccc(-c2cc(C(N)=O)nc3cc(COc4ccnc(C)c4)nn23)c(F)c1,0.4
CHEMBL5196698,Cc1cc2c(Nc3c(F)cccc3F)cc(C(=O)NC3CC3)nc2cn1,0.37
CHEMBL4579281,Cc1ccc(OCc2cc3nc(C(N)=O)cc(-c4ccc(F)cc4)c3s2)c(C)n1,0.4
CHEMBL556578,CN1CC[C@]23c4c5ccc(O)c4O[C@H]2[C@@H](O)C=C[C@H]3[C@H]1C5.Cl,1.54
CHEMBL4440381,Cc1cc(-n2cc(C(=O)N3CCO[C@@H](C)C3)c3ccc(O[C@@H](C)c4ccc(F)cn4)nc32)n[nH]1,0.2166666666666666
CHEMBL2338400,CC(C)(C)NC(=O)NCCN1CCN(CC(=O)NC23CC4CC(CC(C4)C2)C3)CC1,0.02
CHEMBL5179833,Cn1ccnc1SCC1CCN(S(=O)(=O)c2ccc3c(c2)CCO3)CC1,0.11
CHEMBL4531747,O=C(NCC1(O)CCCC(F)(F)C1)c1c(Cl)ccc2nc(N3CC[C@H](F)C3)ccc12,0.13
CHEMBL2337982,O=C(CN1CCN(CCC2CCOCC2)CC1)NC12CC3CC(CC(C3)C1)C2,1.2
CHEMBL4240041,Cn1cc(-c2ccc(Cc3cc(C(=O)N[C@@H]4CCCC[C@H]4O)nc4c3ccn4C)cn2)cn1,0.04
CHEMBL479,CSc1ccc2c(c1)N(CCC1CCCCN1C)c1ccccc1S2,0.45
CHEMBL894,CC(NC(C)(C)C)C(=O)c1cccc(Cl)c1,2.0
CHEMBL1118,CN(C)CC(c1ccc(O)cc1)C1(O)CCCCC1,1.1949999999999998
CHEMBL3634125,COc1cnc(C(=O)Nc2ccc(F)c([C@@]3(C)N=C(N)CO[C@@H]3F)c2)cn1,0.09
CHEMBL5179626,Cc1cc2c(Nc3ccccc3)cc(C(=O)NC3CC3)nc2cn1,0.54
CHEMBL4062934,Cc1nnc2sc(C(=O)NC3CN(c4nc5cccnc5s4)C3)c(N)c2c1C,1.3
CHEMBL3186228,O=C1c2ccccc2C(=O)N1C[C@@H]1c2ccccc2CCN1C(=O)C1CCCCC1,0.3
CHEMBL1201191,O=C(O)COCCN1CCN([C@H](c2ccccc2)c2ccc(Cl)cc2)CC1,0.14
CHEMBL6966,COc1ccc(CCN(C)CCCC(C#N)(c2ccc(OC)c(OC)c2)C(C)C)cc1OC,0.9565
CHEMBL4162197,COc1cnc(C(=O)Nc2ccc(F)c([C@@]3(C)N=C(N)CO[C@H]3C(F)F)c2)cn1,0.07
CHEMBL5270781,CC1CN(c2ccncc2NC(=O)c2ccnn3cc(-c4ccccc4)nc23)CCO1,0.34
CHEMBL71,CN(C)CCCN1c2ccccc2Sc2ccc(Cl)cc21,0.9
CHEMBL3813842,CC1(C)OCCn2c1nc1c(N3CCOCC3)nc(-c3cnc(N)nc3)nc12,0.4
CHEMBL5417255,C=CC(=O)N1CCN2Cc3ccc(-c4c(C)ccc5[nH]ncc45)c(Cl)c3OC[C@H]2C1,0.24
CHEMBL4237601,Cn1ccc2c(Cc3ccc(-c4nccs4)cc3)cc(C(=O)N[C@@H]3CCOC[C@H]3O)nc21,0.13
CHEMBL4465781,CC(C)(O)CNC(=O)c1cc(NC(=O)c2cc(-c3ncccc3F)c(Cl)cc2Cl)n(-c2ccccc2)n1,0.015
CHEMBL2177473,CC(C)Oc1cccc(CN2CC[C@@]3(C[C@@H]2C)CN(C)S(=O)(=O)N3c2cccc(F)c2)c1,0.65
CHEMBL2349478,CN1C(=O)C2(CC(C)(C)Cc3ccc(-c4cncc(Cl)c4)cc32)N=C1N,0.08
CHEMBL3808485,Cc1ccc(OC2CCN(c3ncnc4ccc(F)cc34)CC2)cn1,5.37
CHEMBL4632672,COc1nn(-c2cnccn2)cc1C(=O)Nc1cccc(-c2nncn2C(C)C)n1,0.38
CHEMBL441,CCCC(C)C1(CC)C(=O)NC(=S)NC1=O,1.53
CHEMBL54,O=C(CCCN1CCC(O)(c2ccc(Cl)cc2)CC1)c1ccc(F)cc1,0.9
CHEMBL4238059,Cn1cc(-c2ccc(Cc3cc(C(=O)NC4CCOCC4)nc4c3ccn4C)cn2)cn1,0.25
CHEMBL4208552,CC1=C[C@@](CF)(c2cc(NC(=O)c3ccc(C#N)cn3)ccc2F)N=C(N)O1,0.52
CHEMBL4578455,COc1ccc(C(=O)c2sc3nc(C)cc(C)c3c2N)cc1,0.48
CHEMBL4076493,Cc1cc(C#N)ccc1-c1cccc2ncnn12,1.59
CHEMBL2386849,Cc1cc(Oc2cncc(F)c2)cc(C(=O)Nc2ccc(F)cn2)n1,0.82
CHEMBL4526419,Nc1c(C(=O)c2ccncc2)sc2nc(OCc3ccncc3)c3c(c12)CCC3,0.48
CHEMBL2326725,CNc1nc(Nc2cnn(CC(C)(C)O)c2C)ncc1C(F)(F)F,0.26
CHEMBL4752634,COC[C@@H](C)Oc1ccc2c(c1)Cc1cccc(-c3cc(=O)cc(N4CCOCC4)o3)c1S2,0.14
CHEMBL4084404,COc1ccc2c(c1)CCN(C(=O)C1CCN(c3c(C#N)cnc4ccc(F)cc34)CC1)C2,0.68
CHEMBL4442453,NC(=O)c1cc(-c2ccc(F)cc2)c2sc(COc3ccc(F)nc3)cc2n1,0.4
CHEMBL4447294,Cc1c[nH]c(=O)c2sc(C(=O)NCc3ccc(S(=O)(=O)C(F)(F)F)cc3)c(N)c12,0.03
CHEMBL3127104,CN1C(=O)[C@]2(N=C1N)c1cc(-c3cccc(C#N)c3)ccc1O[C@H]1CCOC[C@@H]12,0.0425
CHEMBL5081803,CN1CC[C@@]23CCCC[C@@H]2[C@@H]1Cc1ccc(C(F)F)cc13,7.8
CHEMBL3301610,CCN1CCN(Cc2ccc(Nc3ncc(F)c(-c4cc(F)c5nc(C)n(C(C)C)c5c4)n3)nc2)CC1,0.1133333333333333
CHEMBL3221637,CC(C)N1CCC(Oc2ccc(C3(C(N)=O)CCOCC3)cc2)CC1,0.09
CHEMBL4111091,C[C@@H]1CN(Cc2ccc3c(-c4cnn(C)c4)cc(C(N)=O)nc3c2)C[C@H](C(F)(F)F)O1,1.0
CHEMBL4761695,[2H]C([2H])([2H])Oc1cc(F)cc2c(N3CCN(c4ccccc4F)CC3)c(C#N)cnc12,0.6966666666666667
CHEMBL2,COc1cc2nc(N3CCN(C(=O)c4ccco4)CC3)nc(N)c2cc1OC,0.111
CHEMBL5402331,CS(=O)(=O)c1ccc(Nc2ncnc3sc(C(F)(F)F)cc23)cc1,0.32
CHEMBL4215846,Cn1cnc(-c2ccc(OC3CCN(C(=O)Cc4ccc(OC(F)(F)F)cc4)CC3)c(C(N)=O)c2)c1,0.0065
CHEMBL4168668,COc1cc(F)c(-c2c(C)nn3c(C(F)(F)F)cc(C)nc23)c(F)c1,0.6
CHEMBL3359272,CC(C)N1CCC[C@H]1CNC(=O)c1cn(C2CCCC2)c(=O)c2c1c1ccccc1n2C,0.27
CHEMBL4453736,O=c1cc2n(cc1O)CCN(Cc1ccccc1Cl)C2,0.38
CHEMBL2180030,COc1c(C)cc([C@@]2(c3cccc(-c4cncnc4)c3)N=C(C)C(N)=N2)cc1C,0.105
CHEMBL4469998,Cc1cncc2sc(C(=O)NCc3ccc(S(=O)(=O)C(F)(F)F)cc3)c(N)c12,0.88
CHEMBL2375520,Oc1noc2cc(Cl)c(Cl)cc12,1.1
CHEMBL5081774,[2H]C([2H])([2H])C1(C([2H])([2H])[2H])Cn2nc(-c3ccc(F)cn3)c(-c3ccnc4[nH]ncc34)c2CO1,0.13
CHEMBL13,COCCc1ccc(OCC(O)CNC(C)C)cc1,0.64
CHEMBL4469536,CC(C)n1ncc2c1C(=O)CC1(CCN(C(=O)c3ccc4[nH]nc(C(N)=O)c4c3)CC1)C2,0.0018
CHEMBL4578758,Cc1ncccc1OCc1cc2nc(C(N)=O)cc(-c3ccc(F)cc3)c2s1,0.4
CHEMBL4110005,C[C@H](c1nc2cnc(N3CCC[C@@H](C(=O)N4CCCC4)C3)nc2[nH]1)n1cc(Cl)cn1,0.013
CHEMBL5415218,C[C@@H](Nc1ncc(-c2cncc(S(C)(=O)=O)c2)cn1)c1ccc(F)cc1,1.3
CHEMBL2349469,CN1C(=O)[C@]2(CC(C)(C)Cc3ccc(-c4cccnc4F)cc32)N=C1N,0.037
CHEMBL3127073,C[C@]12CCOC[C@@H]1[C@]1(COC(N)=N1)c1cc(-c3cncc(Cl)c3)ccc1O2,0.065
CHEMBL2180033,CC1=NC(c2cccc(-c3cncc(Cl)c3)c2)(C2CC2)N=C1N,0.16
CHEMBL3612809,COc1cc([C@H](O)CN2CCN(C[C@H](O)c3ccc4c(c3C)COC4=O)CC2)ncc1C#N,0.13
CHEMBL4575990,NC(=O)c1cc(-c2ccc(F)cc2)n2nc(CCc3ccnc(C(F)(F)F)c3)cc2n1,0.59
CHEMBL3127086,CN1C(=O)[C@]2(N=C1N)c1cc(-c3cncc(F)c3)ccc1O[C@H]1CCOC[C@@H]12,0.084
CHEMBL5405095,C#Cc1n[nH]c2c(-c3cn(C(C)c4ccccn4)c(=O)[nH]c3=O)cc(F)cc12,0.022
CHEMBL4760480,O=c1cc(-c2cccc3c2Sc2ccc(OC4COC4)cc2C3)oc(N2CCOCC2)c1,0.07
CHEMBL4590806,CN(C)C(=O)c1cc(CC(=O)O)ccc1NC(=O)c1ccccc1-c1ccc(C(F)(F)F)cc1,0.0037
CHEMBL4514203,O[C@]1(C(F)(F)F)CCCC[C@H]1Nc1ccc(F)cc1,47.0
CHEMBL4795177,COc1nnc2sc(C(=O)NC3CN(c4ncc(C(F)(F)F)cn4)C3)c(N)c2c1C,0.86
CHEMBL5076867,Cc1cc(C)c2c(n1)sc1c(NCc3ccc(C(C)(C)O)cc3)nccc12,2.27
CHEMBL5404659,C[C@@H](Nc1ncc(-c2ccc3oc(=O)n(C)c3c2)nn1)c1ccc(F)cc1,0.9
CHEMBL95,Nc1c2c(nc3ccccc13)CCCC2,0.78
CHEMBL4543522,Cc1nnc2sc(C(=O)c3ccccc3)c(N)c2c1C,0.48
CHEMBL4062497,Cc1cc([C@@]23c4ccccc4C(=O)N2CCN3C(=O)c2ccc(F)c(F)c2)ccc1Cl,0.88
CHEMBL4520814,CC(C)(O)CS(=O)(=O)c1ccc2c(c1)nc(C(C)(C)C)n2CC1CCOCC1,0.13
CHEMBL384467,C[C@@H]1C[C@H]2[C@@H]3CCC4=CC(=O)C=C[C@]4(C)[C@@]3(F)[C@@H](O)C[C@]2(C)[C@@]1(O)C(=O)CO,0.081
CHEMBL4475753,COc1ccc(-c2cc(C(N)=O)nc3cc(COc4cnc(C)nc4)sc23)cc1,0.49
CHEMBL5280210,CC[C@](C)(O)C#Cc1cc2c(ccn2-c2cc(OC)nc(N)n2)cn1,0.32
CHEMBL4096143,O=C(C1CCN(c2cc(Oc3ccccc3F)ncn2)CC1)N1CCc2ccccc2C1,0.75
CHEMBL4160748,COc1ccc(-c2c(C)nn3c(C(F)(F)F)cc(C)nc23)c(F)c1F,2.3
CHEMBL741,Nc1nnc(-c2cccc(Cl)c2Cl)c(N)n1,0.88
CHEMBL4468770,Cn1cc2ccc(N3CCN(c4cncc5ccccc45)CC3)cc2n1,0.005
CHEMBL4165400,O=C(O)[C@H]1NCCC[C@H]1C(=O)N1CCc2ccccc2[C@H]1CN1C(=O)c2ccccc2C1=O,0.01
CHEMBL5402829,O=C(Nc1cnccc1-c1ccc(F)cc1)c1ccnc(Nc2ccc(F)cc2)n1,0.4
CHEMBL5080404,[2H]C([2H])([2H])N1CC[C@@]23CCCC[C@@H]2[C@@H]1Cc1ccc(C(F)F)cc13,4.1
CHEMBL521606,CC(C)(C)NCC(O)COc1cccc2c1CC(O)C(O)C2,0.037
CHEMBL4165849,COc1cc(C(=O)Nc2cc(OC(F)(F)F)ccc2-n2cncn2)ccc1OC(C)C,0.89
CHEMBL5422441,C[C@@H](c1ccc(F)cc1)n1cc(-c2cc(F)cc3cn[nH]c23)c(=O)[nH]c1=O,0.11
CHEMBL5422736,CS(=O)(=O)c1ccc(Nc2ncnc3sc(-c4ccccc4)cc23)cc1,0.87
CHEMBL4758183,O=C1CCSC[C@@H](C(=O)Nc2cc(Cl)cc(Br)c2)N1,0.7
CHEMBL4072118,CO[C@H]1CC[C@]2(CC1)Cc1ccc(-c3cc(Cl)cc(C#N)c3)cc1[C@@]21COC(N)=N1,0.21
CHEMBL5081193,O=C(Nc1ccn(-c2ccnc(F)c2)n1)C1(c2ccccc2F)CC1,1.1
CHEMBL4788846,O=c1[nH]nc(-c2ccc(Cl)c(C(F)(F)F)c2)o1,0.025
CHEMBL1200781,Br.CN(C)CCCC1(c2ccc(F)cc2)OCc2cc(C#N)ccc21,2.4775
CHEMBL485,COc1ccc2c3c1O[C@H]1[C@@H](O)C=C[C@H]4[C@@H](C2)N(C)CC[C@@]341,0.89
CHEMBL4535757,C=CC(=O)N1CCN(c2nc(=O)n(-c3c(C)ccnc3C(C)C)c3nc(-c4c(O)cccc4F)c(F)cc23)[C@@H](C)C1,0.01
CHEMBL3298273,O=C1NCCc2nc(OCc3cccc(F)c3)ccc21,1.1
CHEMBL3955059,Cc1nnc2sc(C(=O)NCc3ccc(S(=O)(=O)C(C)(C)C)cc3)c(N)c2c1C,0.34
CHEMBL5408274,Nc1ncc(-c2cn(C34CC(F)(C3)C4)c([C@@H](O)C(F)(F)F)n2)cc1OC(F)(F)F,0.92
CHEMBL4207042,CNC(=O)c1cnc(N)c(O[C@H]2CN(C(=O)Cc3ccc(OC(F)(F)F)cc3)CC2(F)F)c1,0.018
CHEMBL1978713,COc1ccc(CNC(=O)c2sc3nc(C)cc(C)c3c2N)cc1,1.1
CHEMBL4643134,CCn1nnc2c(C)c([C@@H](CC(=O)O)c3ccc4c(c3)CN(C(=O)c3c(C)c(C)cc(C)c3C)CC4)ccc21,0.04
CHEMBL3221638,CC(C)N1CCC(Oc2ccc3c(n2)CCN(c2ccc(C(N)=O)cn2)C3)CC1,0.085
CHEMBL4742127,O=C1CCSC[C@@H](C(=O)Nc2cc(Br)cc(Br)c2)N1,0.1
CHEMBL5173978,CO[C@@H](CO)CNC(=O)c1cc(Nc2ccccc2F)c2cc(F)ccc2n1,1.3
CHEMBL4516136,Nc1c(C(=O)c2ccncc2)sc2nc(O)c3c(c12)CCCC3,0.48
CHEMBL4545779,CC(=O)NS(=O)(=O)c1ccc(Oc2ccc(F)c(Cl)c2)c(C(F)(F)F)c1,0.074
CHEMBL6,COc1ccc2c(c1)c(CC(=O)O)c(C)n2C(=O)c1ccc(Cl)cc1,0.092
CHEMBL2165627,O=C(O)C(=O)Nc1ccc(NC(=O)[C@H](CC2CCCC2)n2cnc(C(F)(F)F)c2)nc1,0.0018
CHEMBL3421836,C[C@H]1c2cccc(CC(C)(C)O)c2C[C@H](CO)N1C(=O)Cc1c(Cl)cccc1Cl,0.7
CHEMBL34259,CN(Cc1cnc2nc(N)nc(N)c2n1)c1ccc(C(=O)N[C@@H](CCC(=O)O)C(=O)O)cc1,0.006
CHEMBL3545110,CN(C)C(=O)c1cc2cnc(Nc3ccc(N4CCNCC4)cn3)nc2n1C1CCCC1,0.12
CHEMBL3974708,Cc1nnc2sc(C(=O)NCc3ccc(S(C)(=O)=O)cc3)c(N)c2c1C,0.14
CHEMBL2177470,CC(C)Oc1cc(CN2CC[C@@]3(C[C@@H]2C)CN(C)S(=O)(=O)N3c2cccc(F)c2)ccc1O,0.27
CHEMBL4594350,C=C(F)C(=O)N1CCN(c2nc(OC[C@@H]3CCCN3C)nc3c2CCN(c2cccc4cccc(Cl)c24)C3)C[C@@H]1CC#N,0.01
CHEMBL4455799,O=C(NC1CC1)c1nc2cccnn2c1-c1ccc2ncnn2c1,2.5
CHEMBL5415209,Cc1nnc(-c2ccc(-c3c(F)c(F)cc4c3C(=O)N([C@H](C3CC3)C(C)(C)O)C4)cc2)o1,0.2
CHEMBL5406873,COc1ccc(-c2cc(C(=O)N[C@H]3CCCN(C)C3)nn2C)c(Cl)c1,1.4
CHEMBL4083081,Cc1nnc2sc(C(=O)NC3CN(c4ccc(C(F)(F)F)nc4)C3)c(N)c2c1C,0.33
CHEMBL4213486,C[C@@]1(c2cc(NC(=O)c3ccc(C#N)cn3)ccc2F)C=C(CF)OC(N)=N1,0.37
CHEMBL5182431,CC(C)C[C@@H](N)c1cc(C#N)c2cc(-c3ccncc3)ccc2n1,0.4
CHEMBL4172540,C[C@@H](COc1ccn(-c2ccc(F)cc2)c(=O)c1)Oc1ccccc1,0.31
CHEMBL1119,CNCC(c1ccc(OC)cc1)C1(O)CCCCC1,1.0074999999999998
CHEMBL3950160,COc1ccc(-c2cc3c(C(=O)O)n[nH]c3cc2Cl)cc1,0.017
CHEMBL1783764,CC(C)(CC1Cc2ccccc2C1)NC[C@@H](O)COc1cc(C2CC3CC2C2C(C(=O)O)C32)ccc1C#N,0.0025
CHEMBL5398848,COc1cc2nn(C)cc2cc1NC(=O)c1cnc(N2CC(CNC3CC3)C2)cn1,0.1
CHEMBL5187850,O=C([O-])/C=C1\CCCc2cc(-c3ccccc3)ccc2C1O.[Na+],0.85
CHEMBL1294,C=C[C@H]1CN2CC[C@H]1C[C@@H]2[C@@H](O)c1ccnc2ccc(OC)cc12,0.065
CHEMBL4852400,C[C@@H]1CCN(c2nc(N3CCOCC3)cc(=O)[nH]2)[C@H]1Cc1ccccc1,0.47
CHEMBL3822763,Cn1cc2c(-c3cc(F)c(Cn4cnc5ccccc5c4=O)c(F)c3)cccc2n1,0.32
CHEMBL428647,CC(=O)O[C@H]1C(=O)[C@@]2(C)[C@H]([C@H](OC(=O)c3ccccc3)[C@]3(O)C[C@H](OC(=O)[C@H](O)[C@@H](NC(=O)c4ccccc4)c4ccccc4)C(C)=C1C3(C)C)[C@]1(OC(C)=O)CO[C@@H]1C[C@@H]2O,0.007
CHEMBL98530,CS(=O)(=O)c1cccc(C(=O)O)c1,0.02
CHEMBL4791332,CC(C)(O)C1CCN(CCOc2ccc3c(c2)Cc2cccc(-c4cc(=O)cc(N5CCOCC5)o4)c2S3)CC1,0.05
CHEMBL4457158,CCC(=O)c1sc(-c2ccc(Cl)cc2)c(C)c1-c1ccc(S(N)(=O)=O)cc1,1.0
CHEMBL4468760,C[C@H]1c2cccc(-c3cnn(C)c3)c2C[C@H](CO)N1C(=O)Cc1c(Cl)cccc1Cl,0.85
CHEMBL701,NCC(CC(=O)O)c1ccc(Cl)cc1,0.02
CHEMBL24,CC(C)NCC(O)COc1ccc(CC(N)=O)cc1,0.0255
CHEMBL4872830,O=c1cc(N2CCOCC2)cc(N2CCCCC[C@@H]2Cc2ccccc2)[nH]1,0.18
CHEMBL4565738,Cc1nnc2sc(C(=O)c3ccncc3)c(N)c2c1C,0.48
CHEMBL3695564,Cc1nc([C@@H]2CCOC2)c2c(N3CCc4c(c(C5CC5)nn4C)C3)ncnn12,0.46
CHEMBL5181454,CC(C)(O)c1ccc(N2Cc3c(cc(C4(C)COC4)nc3-c3ccccc3OCC(F)(F)F)C2=O)cc1,0.04
CHEMBL129,Cc1cn([C@H]2C[C@H](N=[N+]=[N-])[C@@H](CO)O2)c(=O)[nH]c1=O,0.09
CHEMBL3823885,Cn1cc2c(-c3cc(F)c(Cn4cnc5cnccc5c4=O)c(F)c3)cccc2n1,0.6
CHEMBL5076397,O[C@H]1COC[C@H]1N1CC[C@@H](c2cc3nc(Nc4cnn([C@@H]5CC5(F)F)c4Cl)ncc3cc2Cl)[C@H](F)C1,0.4633333333333334
CHEMBL3809693,Cc1sc2ncnc(N3CCC(Oc4ccc(F)nc4)CC3)c2c1C,0.34
CHEMBL4207737,COc1ccc(CNC(=O)c2sc3nnc(C)c(C)c3c2N)cc1F,0.605
CHEMBL5188193,C[C@@]1(c2c[nH]c(=O)c(=O)[nH]2)COc2cc(Cl)ccc2S1,0.02
CHEMBL4456440,Cc1nc2ccccc2nc1-c1cc2nc(N3CC[C@@H](F)C3)cc(N(C)C3CCOCC3)n2n1.Cl,0.61
CHEMBL2349504,CN1C(=O)C2(CC(C)(C)Oc3ccc(-c4cncc(Cl)c4)cc32)N=C1N,0.085
CHEMBL708,O=C1Cc2cc(CCN3CCN(c4nsc5ccccc45)CC3)c(Cl)cc2N1,0.9
CHEMBL4593541,CC(C)(C)C(=O)N1CCN(c2cncc3ccccc23)CC1,0.2
CHEMBL4573723,Cc1cc(C)c2c(N)c(C(=O)c3ccc(F)c(Cl)c3)sc2n1,0.48
CHEMBL5209198,CC(Sc1nccn1C)C1CCN(S(=O)(=O)c2ccc3c(c2)CCO3)CC1,0.29
CHEMBL4060475,Cc1nnc2sc(C(=O)NC3CN(c4ccccc4)C3)c(N)c2c1C,0.73
CHEMBL4164219,CC(COc1ccn(-c2ccc(F)cc2)c(=O)c1)Oc1ccccc1,1.3
CHEMBL2381192,Cn1ncc(-c2nn(C)c3ncnc(N4CCC4)c23)c1-c1ccc(C(F)(F)F)cc1,0.32
CHEMBL5187721,Fc1cc(COC2CCN(Cc3ccc4[nH]cnc4c3)CC2)ccc1Cl,3.655
CHEMBL2386850,Cc1cc(Oc2cncnc2)cc(C(=O)Nc2ccc(F)cn2)n1,0.63
CHEMBL4522808,O=C1Cc2cc(-c3c(-c4ccc(F)cc4)nc4c(N5CCC(F)CC5)nccn34)ccc2N1,0.56
CHEMBL5198957,Cc1cc2c(Nc3ccccc3F)cc(C(=O)NCC(C)(C)C#N)nc2cn1,0.44
CHEMBL3823999,Cn1cc2c(-c3cc(F)c(CN4C=CC5=NCCN5C4=O)c(F)c3)cccc2n1,0.3
CHEMBL4211593,Cc1cccc(C)c1-c1ccc2[nH]c(=O)[nH]c2c1,0.3
CHEMBL4527834,C[C@@H]1CN(Cc2cc3nc(C(N)=O)cc(-c4ccc(F)cc4)c3s2)C[C@H](C)O1,0.52
CHEMBL5196715,Cc1ccc2nc(C(=O)NC[C@@H](O)CO)cc(Nc3ccccc3F)c2c1,0.22
CHEMBL4460028,CC1(C)CCN1Cc1cccc(F)c1CNc1cc(F)c(S(=O)(=O)Nc2cscn2)c(F)c1,0.07
CHEMBL4561636,Cc1nnc2ccc(C(=O)NC3CN(c4ncc(C#N)cc4Cl)C3)cc2c1C,0.21
CHEMBL4637426,C[C@@H]1C[C@H]1COC(C)(C)[C@@H]1C[C@H]1[C@]12CN(c3ncccn3)C[C@H]1CSC(N)=N2,0.17
CHEMBL4581976,Cc1nnc2sc(C(=O)c3ccc(F)cc3F)c(N)c2c1C,0.48
CHEMBL4437721,NC(=O)c1c(-c2ccc(Oc3ccc(Cl)cc3)cc2)nn([C@@H]2CCCN(C(=O)/C=C/CO)C2)c1N,0.011
CHEMBL3127106,CN1C(=O)[C@]2(N=C1N)c1cc(-c3cccnc3F)ccc1O[C@H]1CCOC[C@@H]12,0.7645
CHEMBL5428306,C[C@@H](Nc1cnc(-c2cncc(CC(F)(F)F)c2)cn1)c1ccc(F)cc1,0.9
CHEMBL5095777,CC1(C)Cn2nc(-c3ccc(F)cn3)c(-c3ccnc4[nH]ncc34)c2CO1,0.23
CHEMBL4649459,Cc1nc2cnc(C(=O)NC3CN(c4cc(Cl)ncc4Cl)C3)cn2c1C,1.09
CHEMBL475562,N[C@@H](COC(c1cccc(F)c1)c1ccccc1OCc1ccccc1)C(=O)O,0.036
CHEMBL4575082,Cc1cc(C)c2c(N)c(C(=O)c3ccc(F)cc3F)sc2n1,0.48
CHEMBL88588,COc1cc(C(=O)NCC2(N(C)C)CCCC2)cc(OC)c1OCc1ccccc1,0.5
CHEMBL4798497,COc1cc(N2CC(NC(=O)c3sc4nnc(Cl)c(C)c4c3N)C2)c(Cl)cn1,0.42
CHEMBL5190430,N#Cc1ccc(SCc2c[nH]c(=O)c(=O)[nH]2)cc1Cl,0.43
CHEMBL2349466,CC1(C)Cc2ccc(-c3cncnc3)cc2C2(COC(N)=N2)C1,1.05
CHEMBL5078675,[2H]C([2H])([2H])Oc1ccc2c(c1)[C@@]13CCCC[C@@H]1[C@@H](C2)N(C([2H])([2H])[2H])CC3,10.8
CHEMBL584,Cc1c(O)cccc1C(=O)N[C@@H](CSc1ccccc1)[C@H](O)CN1C[C@H]2CCCC[C@H]2C[C@H]1C(=O)NC(C)(C)C,0.013
CHEMBL5436538,C=CC(=O)N1CCN2Cc3cc(F)c(-c4c(O)cccc4Cl)c(F)c3OC[C@H]2C1.O,0.11
CHEMBL3958674,COc1ccc(-c2cc3c(S(=O)(=O)O)c[nH]c3cc2Cl)cc1,0.13
CHEMBL4073446,Cc1cc(C#N)ccc1-c1cc(N)cc2ncnn12,0.39
CHEMBL4635575,Cc1c2cc(C(=O)NC3CN(c4cc(Cl)ncc4Cl)C3)ncc2nn1C,0.41
CHEMBL4632555,Cc1c2cc(C(=O)NC3CN(c4cc(Cl)ncc4Cl)C3)ccc2nn1C,0.04
CHEMBL5409770,COCc1ccnc(OCc2cn(-c3ccc(F)c(OC(F)F)c3)nn2)n1,0.7050000000000001
CHEMBL4872886,CC(C)C[C@@H](N)C(=O)Nc1ccc(-c2cnco2)c(OC(F)F)c1,0.6366666666666666
CHEMBL4443161,O=C1Cc2cc(-c3c(-c4ccc(F)cc4)nc4c(N5CCOCC5)nccn34)ccc2N1,0.33
CHEMBL4175868,COc1ccc(-c2c(C)nn3c(C(F)(F)F)cc(C)nc23)c(F)c1,0.9
CHEMBL4516088,Cc1nc2sc(C(=O)c3ccccc3)c(N)c2c(C)c1Cl,0.48
CHEMBL4070692,Cc1nnc2sc(C(=O)NCc3ccc(-c4ccncc4)cc3)c(N)c2c1C,1.1
CHEMBL5422978,COC(C)(C)[C@@H]1C[C@H]1C(=O)Nc1cc2cc(C3CCN([C@]4(C)COC[C@@H]4O)CC3)c(Cl)cc2cn1,0.3
CHEMBL4874640,O=c1cc(N2CCOCC2)cc(N2C[C@H]3C[C@H]3[C@@H]2Cc2ccccc2)[nH]1,0.12
CHEMBL3127105,CN1C(=O)[C@]2(N=C1N)c1cc(-c3cc(F)cc(Cl)c3)ccc1O[C@H]1CCOC[C@@H]12,0.0305
CHEMBL5207808,Cc1nnc(SCC2CCN(S(=O)(=O)c3ccc4c(c3)CCO4)CC2)s1,1.1
CHEMBL44657,COc1cc([C@@H]2c3cc4c(cc3[C@@H](O[C@@H]3O[C@@H]5CO[C@@H](C)O[C@H]5[C@H](O)[C@H]3O)[C@H]3COC(=O)[C@H]23)OCO4)cc(OC)c1O,0.024
CHEMBL5400263,Cc1nnc(-c2ccc(-c3cccc4c3C(=O)N([C@H](C3CC3)C(C)(C)O)C4)cc2)o1,0.5
CHEMBL2177488,CC(C)Oc1cccc(CN2CC[C@]3(CNS(=O)(=O)N3c3cccc(F)c3)C[C@@H]2C)c1,0.22
CHEMBL4071900,Cc1noc(C)c1S(=O)(=O)N1CCN(c2ccc(N3CCCC(C)(C)C3)nn2)CC1,1.1
CHEMBL4639222,COc1cc(N2CC(NC(=O)c3ccc4nn(C)c(C)c4c3N)C2)c(Cl)cn1,0.25
CHEMBL3982695,CSc1ccc(CNC(=O)c2sc3nnc(C)c(C)c3c2N)cc1,0.48
CHEMBL266195,C=CCc1ccccc1OCC(O)CNC(C)C,0.38
CHEMBL4436022,Cc1nnc2ccc(C(=O)NC3CN(c4ncc(Cl)cc4F)C3)cc2c1C,0.09
CHEMBL4476495,COc1ccc(-c2nnc(-c3cc(OC(F)(F)F)ccc3-n3ccnc3)o2)cc1OC,0.65
CHEMBL601719,C[C@@H](Oc1cc(-c2cnn(C3CCNCC3)c2)cnc1N)c1c(Cl)ccc(F)c1Cl,0.017
CHEMBL3105228,O=C(c1ccc(F)c(F)c1)N1CCN2C(=O)c3ccccc3[C@@]12c1ccc(Cl)cc1,0.2
CHEMBL3891994,CC(C)(O)CNC(=O)c1cc(NC(=O)c2cc(-c3ccccn3)c(Cl)cc2Cl)n(-c2ccccc2)n1,0.014
CHEMBL1237044,COc1cccc(C2(O)CCCCC2CN(C)C)c1,1.46
CHEMBL5078961,Cc1cc(C)c2c(n1)sc1c(NC3CCC3)nccc12,10.4
CHEMBL4203977,Cc1cc(C)c2cc(C(=O)NC3CN(c4ccc(C(F)(F)F)nc4)C3)ccc2n1,0.2
CHEMBL4474941,O=C(O)[C@@H]1CCN(C(=O)n2cnc(-c3ccc(-c4cnc(N5CCOCC5)nc4)cc3)n2)[C@@H](c2ccccc2)C1,0.0018
CHEMBL3971067,CC(C)n1cc(-c2cc(-c3ccc(CN4CCOCC4)cc3)cnc2N)nn1,0.76
CHEMBL4594011,COc1cc2c(cc1Cc1ccccc1)C[C@H](N)C(=O)N2OC(=O)N(C)C,0.1
CHEMBL5408628,C#Cc1n[nH]c2c(-c3cn(C(C)c4ccccc4)c(=O)[nH]c3=O)cc(F)cc12,0.1
CHEMBL5416793,C=CC(=O)N1C[C@H]2CCOc3c(Cl)c(-c4c(O)cccc4F)c(F)c4ncnc(c34)N2C[C@H]1C,0.06
CHEMBL5073571,CC(C)(O)Cn1ncc(Nc2ncc3cc(Cl)c(C4CCN(C5COC5)CC4)cc3n2)c1Cl,0.3
CHEMBL2349470,CN1C(=O)[C@]2(CC(C)(C)Cc3ccc(-c4cncnc4)cc32)N=C1N,0.3794615384615384
CHEMBL4098877,C[C@@H]1CN(c2cc(-c3n[nH]c4ccc(OC5(C)CC5)cc34)ncn2)C[C@H](C)O1,0.492
CHEMBL4521763,O=c1[nH]c(=S)n(CCO)c2cc[nH]c12,0.048
CHEMBL5285846,COc1cc(F)cc2c(N3CCN(c4ccccc4F)CC3)c(C#N)nnc12,1.9
CHEMBL4577985,Cc1nc2sc(C(=O)c3cccnc3)c(N)c2c(C)c1Cl,0.48
CHEMBL3896591,Cc1nnc2sc(C(=O)NCc3ccc(S(C)(=O)=O)c(F)c3)c(N)c2c1C,2.8
CHEMBL4085780,O=C1CCc2ccccc2N1CCCN1CCN(c2ccccc2)CC1,4.05
CHEMBL1224151,COc1cc(/C=C2\CCCN([C@@H](C)c3ccc(F)cc3)C2=O)ccc1-n1cnc(C)c1,0.4
CHEMBL4460719,NC(=O)c1cc(NC(=O)c2cc(-c3cccc(N)n3)ccc2Cl)n(-c2ccccc2)n1,0.041
CHEMBL4877190,O=C(O)CCCN1CCC(OC(c2ccc(Cl)cc2)c2ccccn2)CC1,0.018
CHEMBL5397873,CC(C)c1nc(-c2cnc(N)c(C(F)(F)F)c2)cn1C12CC(N3CCOCC3)(C1)C2,0.14
CHEMBL5287100,Fc1ccc([C@H]2c3ccccc3CCN2C2=N[C@H](C3(F)CNC3)CO2)cc1,2.91
CHEMBL4529872,Cc1ccc(NC(=O)c2cc(Oc3ccc(S(C)(=O)=O)cc3)c3c(c2)OC(C)(C)C3)nc1,0.1
