CompoundID,SMILES,Kpuu,pKpuu
CHEMBL5409280,Cc1nnc(-c2ccc(-c3cc(F)c(F)c4c3C(=O)N([C@H](C3CC3)C(C)(C)O)C4)cc2)o1,0.1,1.0
CHEMBL4450016,NC(=O)c1cc(-c2ccc(F)cc2)c2sc(COc3ccc(Cl)nc3)cc2n1,0.4,0.3979400086720376
CHEMBL4081861,CC(=O)Nc1cc(-c2ccc(C#N)cc2C)n2ncnc2c1,0.02,1.6989700043360187
CHEMBL2180037,CC#Cc1cncc(-c2cccc(C3(C4CC4)N=C(C)C(N)=N3)c2)c1,0.07,1.154901959985743
CHEMBL4435396,NC(=O)c1cc(-c2ccc(F)cc2)n2nc(COc3ccnc(C(F)(F)F)c3)cc2n1,0.86,0.0655015487564322
CHEMBL4176971,COc1ccc(C(=O)Nc2cc(OC(F)(F)F)ccc2-n2cncn2)cc1OC,0.4649999999999999,0.3325470471100461
CHEMBL4850236,Fc1cc(F)c(F)c(-c2ccc(N[C@H]3C[C@@H]4CN(CC5CCOCC5)C[C@@H]4C3)nn2)c1,0.61,0.2146701649892329
CHEMBL2178613,CC1(C)OCCc2c1sc1c(N3CCOCC3)nc(-c3cnc(N)nc3)nc21,0.75,0.1249387366082999
CHEMBL2180033,CC1=NC(c2cccc(-c3cncc(Cl)c3)c2)(C2CC2)N=C1N,0.16,0.7958800173440752
CHEMBL1224151,COc1cc(/C=C2\CCCN([C@@H](C)c3ccc(F)cc3)C2=O)ccc1-n1cnc(C)c1,0.4,0.3979400086720376
CHEMBL3933538,COc1ccc(CNC(=O)c2sc3nnc(C)c(C)c3c2N)cc1,2.98,-0.4742162640762552
CHEMBL5275403,Cl.O=C(N1CCN2CCC1CC2)n1nc(-n2cc(C(F)(F)F)cn2)c2c1COCC2,1.3,-0.1139433523068367
CHEMBL4551635,Cc1ccccc1Oc1cc(-n2c(=O)cc(C(F)(F)F)[nH]c2=O)c2ccccc2c1Cl,0.22,0.6575773191777937
CHEMBL5196183,Cc1cn(C)c(SCC2CCN(S(=O)(=O)c3ccc4c(c3)CCO4)CC2)n1,0.19,0.721246399047171
CHEMBL1741,CC[C@H]1OC(=O)[C@H](C)[C@@H](O[C@H]2C[C@@](C)(OC)[C@@H](O)[C@H](C)O2)[C@H](C)[C@@H](O[C@@H]2O[C@H](C)C[C@H](N(C)C)[C@H]2O)[C@](C)(OC)C[C@@H](C)C(=O)[C@H](C)[C@@H](O)[C@]1(C)O,0.014,1.853871964321762
CHEMBL2180030,COc1c(C)cc([C@@]2(c3cccc(-c4cncnc4)c3)N=C(C)C(N)=N2)cc1C,0.105,0.9788107009300618
CHEMBL5408274,Nc1ncc(-c2cn(C34CC(F)(C3)C4)c([C@@H](O)C(F)(F)F)n2)cc1OC(F)(F)F,0.92,0.0362121726544447
CHEMBL3923546,NC(=O)c1cc(NC(=O)c2cc(-c3ncccc3F)ccc2Cl)n(-c2ccccc2)n1,0.1,1.0
CHEMBL2349475,CN1C(=O)C2(CC(C)(C)Cc3ccc(-c4cccc(C#N)c4)cc32)N=C1N,0.09,1.0457574905606752
CHEMBL4442453,NC(=O)c1cc(-c2ccc(F)cc2)c2sc(COc3ccc(F)nc3)cc2n1,0.4,0.3979400086720376
CHEMBL940,NCC1(CC(=O)O)CCCCC1,0.14,0.8538719643217619
CHEMBL4085711,CCc1ccc(Oc2cc(N3CCC(C(=O)N4CCc5ccccc5C4)CC3)ncn2)cc1,0.36,0.4436974992327127
CHEMBL5086238,Cc1cc(C)c2c(n1)sc1c(N3CCCC3)ncnc12,5.36,-0.7291647896927701
CHEMBL4165248,COc1ccc(-c2c(C)nn3c(C(F)(F)F)cc(C)nc23)cc1F,1.7,-0.2304489213782739
CHEMBL34259,CN(Cc1cnc2nc(N)nc(N)c2n1)c1ccc(C(=O)N[C@@H](CCC(=O)O)C(=O)O)cc1,0.006,2.221848749616356
CHEMBL130213,O=C(O)c1nc2cc(Cl)c(Cl)cc2nc1O,0.0018,2.744727494896694
CHEMBL4084404,COc1ccc2c(c1)CCN(C(=O)C1CCN(c3c(C#N)cnc4ccc(F)cc34)CC1)C2,0.68,0.1674910872937636
CHEMBL941,Cc1ccc(NC(=O)c2ccc(CN3CCN(C)CC3)cc2)cc1Nc1nccc(-c2cccnc2)n1,0.041,1.3872161432802643
CHEMBL3956275,C[C@H]1COCCN1c1nc(-c2cnc(N)nc2)c2c(n1)N([C@@]1(C)CCN(C(=O)C(C)(C)N)C1)CC2,0.065,1.1870866433571443
CHEMBL5395068,CC(C)n1nnnc1[C@H](c1ccccc1F)N1CCN(c2cccc(Cl)c2)CC1,0.55,0.2596373105057561
CHEMBL5405161,Cc1cc(-c2n[nH]c(C)c2-c2cc(F)c(N3CCC4(CCS(=O)(=O)CC4)C3)c(F)c2)ccn1,0.0185,1.7328282715969865
CHEMBL5396660,Cc1[nH]nc(-c2ccncc2)c1-c1cc(F)c(N2CCC3(CCS(=O)(=O)CC3)C2)c(F)c1,0.033,1.4814860601221125
CHEMBL3127087,CN1C(=O)[C@]2(N=C1N)c1cc(-c3cncc(Cl)c3)ccc1O[C@H]1CCOC[C@@H]12,0.074,1.1307682802690238
CHEMBL5409049,Nc1ncc(-c2cn(C34CC(C3)C4)c([C@@H](O)C(F)(F)F)n2)cc1OC(F)(F)F,1.1,-0.041392685158225
CHEMBL4084306,COc1ccc(CNC(=O)C2CCN(c3c(C#N)cnc4ccc(F)cc34)CC2)cc1F,0.26,0.585026652029182
CHEMBL2380449,COc1cccc(-c2cccc(C3(C)CCSC(N)=N3)c2)c1,0.64,0.1938200260161128
CHEMBL4647876,Cn1nnc2ccc(C(=O)NC3CN(c4cc(Cl)ncc4Cl)C3)c(N)c21,0.18,0.744727494896694
CHEMBL4463550,N#Cc1ccc(N2N=C(N3CCC(C(=O)N4CCC(O)CC4)CC3)C[C@H]2C2CCCC2)cc1Cl,0.029,1.537602002101044
CHEMBL3823999,Cn1cc2c(-c3cc(F)c(CN4C=CC5=NCCN5C4=O)c(F)c3)cccc2n1,0.3,0.5228787452803376
CHEMBL13,COCCc1ccc(OCC(O)CNC(C)C)cc1,0.64,0.1938200260161128
CHEMBL546,C=CCOc1ccccc1OCC(O)CNC(C)C,0.2,0.6989700043360187
CHEMBL5095777,CC1(C)Cn2nc(-c3ccc(F)cn3)c(-c3ccnc4[nH]ncc34)c2CO1,0.23,0.638272163982407
CHEMBL4457647,O=C(Nc1ccnnc1)c1cc(N2CCOCC2)ccc1OCc1ccccc1,0.51,0.2924298239020636
CHEMBL4534301,Cc1nc2cc(C)c3c(N)c(C(=O)NC4CN(c5cc(Cl)ncc5Cl)C4)sc3n2n1,0.02,1.6989700043360187
CHEMBL163,CC(C)c1nc(CN(C)C(=O)N[C@H](C(=O)N[C@@H](Cc2ccccc2)C[C@H](O)[C@H](Cc2ccccc2)NC(=O)OCc2cncs2)C(C)C)cs1,0.0104,1.98296666070122
CHEMBL4642055,Cc1c2c(ccc3c(NC4CN(c5cc(Cl)ncc5Cl)C4)ncnc32)nn1C,0.11,0.958607314841775
CHEMBL1172,Clc1ccc2c(c1)CCc1cccnc1C2=C1CCNCC1,0.061,1.214670164989233
CHEMBL4476495,COc1ccc(-c2nnc(-c3cc(OC(F)(F)F)ccc3-n3ccnc3)o2)cc1OC,0.65,0.1870866433571444
CHEMBL2180068,CC(c1nc2c(cnn2C2CCOCC2)c(=O)[nH]1)N1CC(Oc2ncccn2)C1,0.05,1.3010299956639813
CHEMBL1294,C=C[C@H]1CN2CC[C@H]1C[C@@H]2[C@@H](O)c1ccnc2ccc(OC)cc12,0.065,1.1870866433571443
CHEMBL5207808,Cc1nnc(SCC2CCN(S(=O)(=O)c3ccc4c(c3)CCO4)CC2)s1,1.1,-0.041392685158225
CHEMBL4176009,O=C(O)[C@H]1CCCC[C@H]1C(=O)N1CCc2ccccc2[C@H]1Cc1ccccc1,0.9,0.0457574905606751
CHEMBL1201066,COc1ccc(C(CN(C)C)C2(O)CCCCC2)cc1.Cl,0.9,0.0457574905606751
CHEMBL521851,CS(=O)(=O)N1CCN(Cc2cc3nc(-c4cccc5[nH]ncc45)nc(N4CCOCC4)c3s2)CC1,0.05,1.3010299956639813
CHEMBL4436022,Cc1nnc2ccc(C(=O)NC3CN(c4ncc(Cl)cc4F)C3)cc2c1C,0.09,1.0457574905606752
CHEMBL4872211,COc1cncc(NC(=O)c2ccn3c(n2)nc2ccccc23)c1,1.0,-0.0
CHEMBL4164496,Cc1cc(C(F)(F)F)n2nc(C)c(-c3ccc(OC(F)F)cc3)c2n1,0.8,0.0969100130080563
CHEMBL5188193,C[C@@]1(c2c[nH]c(=O)c(=O)[nH]2)COc2cc(Cl)ccc2S1,0.02,1.6989700043360187
CHEMBL4649459,Cc1nc2cnc(C(=O)NC3CN(c4cc(Cl)ncc4Cl)C3)cn2c1C,1.09,-0.0374264979406236
CHEMBL4761695,[2H]C([2H])([2H])Oc1cc(F)cc2c(N3CCN(c4ccccc4F)CC3)c(C#N)cnc12,0.6966666666666667,0.1569749686086084
CHEMBL2349472,CN1C(=O)C2(CC(C)(C)Sc3ccc(-c4cc(F)cc(Cl)c4)cc32)N=C1N,0.375,0.4259687322722811
CHEMBL95,Nc1c2c(nc3ccccc13)CCCC2,0.78,0.1079053973095195
CHEMBL54,O=C(CCCN1CCC(O)(c2ccc(Cl)cc2)CC1)c1ccc(F)cc1,0.9,0.0457574905606751
CHEMBL4796921,Cc1nnc2sc(C(=O)NC3CN(c4ncc(C(F)(F)F)cn4)C3)c(N)c2c1C,0.18,0.744727494896694
CHEMBL5082563,FC1CN(C2COC2)CCC1c1cc2nc(Nc3cnn(C4CC4)c3Cl)ncc2cc1Cl,0.5,0.3010299956639812
CHEMBL556578,CN1CC[C@]23c4c5ccc(O)c4O[C@H]2[C@@H](O)C=C[C@H]3[C@H]1C5.Cl,1.54,-0.187520720836463
CHEMBL4466359,O=C1Cc2cc(-c3c(-c4ccc(F)cc4)nc4c(N5CCC(O)CC5)nccn34)ccc2N1,0.03,1.5228787452803376
CHEMBL27,CC(C)NCC(O)COc1cccc2ccccc12,0.61,0.2146701649892329
CHEMBL2178606,COC(C)(C)c1cc2nc(-c3cnc(N)nc3)nc(N3CCOCC3)c2s1,0.4333333333333333,0.3631779024128256
CHEMBL4636061,Cc1nc2ccc(C(=O)NC3CN(c4cc(Cl)ncc4Cl)C3)cn2c1C,0.21,0.6777807052660807
CHEMBL4075391,N#Cc1cnc2ccc(F)cc2c1N1CCC(C(=O)Nc2ccc(S(N)(=O)=O)cc2)CC1,0.1,1.0
CHEMBL4162197,COc1cnc(C(=O)Nc2ccc(F)c([C@@]3(C)N=C(N)CO[C@H]3C(F)F)c2)cn1,0.07,1.154901959985743
CHEMBL4226994,CC(F)(F)[C@H]1OC(N)=N[C@](C)(c2cc(NC(=O)c3cnc(OCF)cn3)ccc2F)[C@H]1F,1.3833333333333335,-0.1409268419924303
CHEMBL4169114,CCOc1ccc(C(=O)Nc2cc(OC(F)(F)F)ccc2-n2cncn2)cc1OC,0.83,0.0809219076239261
CHEMBL74632,CO[C@@]1(NC(=O)C(C(=O)O)c2ccc(O)cc2)C(=O)N2C(C(=O)O)=C(CSc3nnnn3C)CO[C@@H]21,0.019,1.7212463990471711
CHEMBL5279615,CC(C)(O)C12CC(C1)N(c1cc(-n3ncc4ccc(-c5ccn[nH]5)cc43)ncn1)C2,0.2,0.6989700043360187
CHEMBL5201368,O=C(NC[C@@H](F)CO)c1cc(Nc2ccccc2F)c2cc(Cl)ccc2n1,0.7,0.1549019599857432
CHEMBL2179583,CC(C)n1c(=O)n(C(=O)NCC2CCN(CC3(O)CCOCC3)CC2)c2cc(F)ccc21,1.6,-0.2041199826559248
CHEMBL5436538,C=CC(=O)N1CCN2Cc3cc(F)c(-c4c(O)cccc4Cl)c(F)c3OC[C@H]2C1.O,0.11,0.958607314841775
CHEMBL4791332,CC(C)(O)C1CCN(CCOc2ccc3c(c2)Cc2cccc(-c4cc(=O)cc(N5CCOCC5)o4)c2S3)CC1,0.05,1.3010299956639813
CHEMBL4563673,COCCCN1C[C@H](C)N(C(=O)N2Cc3c(NC(=O)c4ccccn4)n[nH]c3C2(C)C)C[C@H]1C,0.015,1.8239087409443189
CHEMBL4575990,NC(=O)c1cc(-c2ccc(F)cc2)n2nc(CCc3ccnc(C(F)(F)F)c3)cc2n1,0.59,0.2291479883578558
CHEMBL249467,CCC(C(N)=O)(C(N)=O)c1ccccc1,1.25,-0.0969100130080564
CHEMBL637,COc1ccc(C(CN(C)C)C2(O)CCCCC2)cc1,0.98,0.0087739243075051
CHEMBL2326726,CNc1nc(Nc2cnn(CC(C)(C)O)c2Cl)ncc1C(F)(F)F,0.37,0.431798275933005
CHEMBL12,CN1C(=O)CN=C(c2ccccc2)c2cc(Cl)ccc21,1.07,-0.0293837776852096
CHEMBL3889746,O=C(Nc1ccc(OC(F)(F)F)cc1)c1cncc(-c2cccnc2)c1,0.91,0.0409586076789063
CHEMBL4742127,O=C1CCSC[C@@H](C(=O)Nc2cc(Br)cc(Br)c2)N1,0.1,1.0
CHEMBL429,CC(CCc1ccccc1)NCC(O)c1ccc(O)c(C(N)=O)c1,0.054,1.2676062401770316
CHEMBL2165627,O=C(O)C(=O)Nc1ccc(NC(=O)[C@H](CC2CCCC2)n2cnc(C(F)(F)F)c2)nc1,0.0018,2.744727494896694
CHEMBL4453785,O=C(NCC1CCC(F)(F)CC1)c1c(Cl)ccc2nc(N3CC[C@H](F)C3)ccc12,0.37,0.431798275933005
CHEMBL384467,C[C@@H]1C[C@H]2[C@@H]3CCC4=CC(=O)C=C[C@]4(C)[C@@]3(F)[C@@H](O)C[C@]2(C)[C@@]1(O)C(=O)CO,0.081,1.0915149811213505
CHEMBL4216213,Cc1nnc2sc(C(=O)N3CC(c4cccc(F)c4)C3)c(N)c2c1C,0.92,0.0362121726544447
CHEMBL4535757,C=CC(=O)N1CCN(c2nc(=O)n(-c3c(C)ccnc3C(C)C)c3nc(-c4c(O)cccc4F)c(F)cc23)[C@@H](C)C1,0.01,2.0
CHEMBL4632855,Cn1nnc2ccc(C(=O)NC3CN(c4cc(Cl)ncc4Cl)C3)cc21,0.11,0.958607314841775
CHEMBL5271222,OCCN1CC[C@@]2(CN=C(N3CCc4ccccc4[C@@H]3c3ccc(F)cc3)O2)C1,3.84,-0.5843312243675308
CHEMBL5194500,O=c1[nH]c2ccsc2[nH]c1=O,0.005,2.3010299956639813
CHEMBL5283456,CC[C@](C)(O)C#Cc1cc2c(ccn2-c2ccnc(N)n2)cn1,0.1,1.0
CHEMBL485,COc1ccc2c3c1O[C@H]1[C@@H](O)C=C[C@H]4[C@@H](C2)N(C)CC[C@@]341,0.89,0.0506099933550872
CHEMBL5076397,O[C@H]1COC[C@H]1N1CC[C@@H](c2cc3nc(Nc4cnn([C@@H]5CC5(F)F)c4Cl)ncc3cc2Cl)[C@H](F)C1,0.4633333333333334,0.3341064544655673
CHEMBL4647393,Cc1nn(C)c2cnc(C(=O)NC3CN(c4cc(Cl)ncc4Cl)C3)cc12,0.45,0.3467874862246563
CHEMBL3937708,O=c1[nH]nc(Cc2ccc(Cl)cc2)cc1O,0.01,2.0
CHEMBL4097852,Cc1c(C(=O)O)cnn1-c1nc(-c2cccc(C(F)(F)F)c2)cs1,0.12,0.9208187539523752
CHEMBL14762,CC[C@H](CO)Nc1nc(NCc2ccccc2)c2ncn(C(C)C)c2n1,0.205,0.6882461389442457
CHEMBL4164219,CC(COc1ccn(-c2ccc(F)cc2)c(=O)c1)Oc1ccccc1,1.3,-0.1139433523068367
CHEMBL5196154,CCCCNc1ncc(C(=O)NC2CCN(CCCF)CC2)c(N[C@H]2CC[C@H](O)CC2)n1,1.0,-0.0
CHEMBL2381825,CCCC(Oc1ccc(-n2cc3ccccc3n2)cc1)c1ccc(C(=O)NCCC(=O)O)cc1,0.018,1.744727494896694
CHEMBL4874640,O=c1cc(N2CCOCC2)cc(N2C[C@H]3C[C@H]3[C@@H]2Cc2ccccc2)[nH]1,0.12,0.9208187539523752
CHEMBL3105228,O=C(c1ccc(F)c(F)c1)N1CCN2C(=O)c3ccccc3[C@@]12c1ccc(Cl)cc1,0.2,0.6989700043360187
CHEMBL4460719,NC(=O)c1cc(NC(=O)c2cc(-c3cccc(N)n3)ccc2Cl)n(-c2ccccc2)n1,0.041,1.3872161432802643
CHEMBL4160395,COc1cc(C(=O)Nc2cc(OC(F)(F)F)ccc2-n2cncn2)ccc1OC1CC1,1.5,-0.1760912590556812
CHEMBL4543373,O=C(O)[C@@H]1CCCN(C(=O)n2cnc(-c3ccc(-c4cnc(N5CCOCC5)nc4)cc3)n2)[C@H]1c1ccccc1,0.0089,2.050609993355087
CHEMBL1922094,Cc1c(CN2CCN(C(=O)[C@H](C)O)CC2)sc2c(N3CCOCC3)nc(-c3cnc(N)nc3)nc12,0.05,1.3010299956639813
CHEMBL4062319,Cc1nnc2sc(C(=O)NC3CN(c4cccc(F)c4F)C3)c(N)c2c1C,0.86,0.0655015487564322
CHEMBL2349490,CN1C(=O)C2(CC(C)(C)Oc3ccc(-c4cc(F)cc(Cl)c4)cc32)N=C1N,0.155,0.8096683018297085
CHEMBL2349470,CN1C(=O)[C@]2(CC(C)(C)Cc3ccc(-c4cncnc4)cc32)N=C1N,0.3794615384615384,0.4208322368446955
CHEMBL3808983,Cc1sc2ncnc(N3CCC(C(=O)N4CC[C@H](F)C4)CC3)c2c1C,0.12,0.9208187539523752
CHEMBL5179833,Cn1ccnc1SCC1CCN(S(=O)(=O)c2ccc3c(c2)CCO3)CC1,0.11,0.958607314841775
CHEMBL5202673,O=c1[nH]cc(CCc2ccc(Cl)cc2)[nH]c1=O,0.04,1.3979400086720375
CHEMBL5285846,COc1cc(F)cc2c(N3CCN(c4ccccc4F)CC3)c(C#N)nnc12,1.9,-0.2787536009528289
CHEMBL4096143,O=C(C1CCN(c2cc(Oc3ccccc3F)ncn2)CC1)N1CCc2ccccc2C1,0.75,0.1249387366082999
CHEMBL1237044,COc1cccc(C2(O)CCCCC2CN(C)C)c1,1.46,-0.1643528557844371
CHEMBL3809603,Cc1sc2ncnc(N3CCC(C(=O)N4CCCC4)CC3)c2c1C,0.45,0.3467874862246563
CHEMBL475562,N[C@@H](COC(c1cccc(F)c1)c1ccccc1OCc1ccccc1)C(=O)O,0.036,1.4436974992327127
CHEMBL2380455,COc1ccc(C2(c3cccc(-c4cccnc4)c3)N=C(N)CS2)cc1,1.3,-0.1139433523068367
CHEMBL4474941,O=C(O)[C@@H]1CCN(C(=O)n2cnc(-c3ccc(-c4cnc(N5CCOCC5)nc4)cc3)n2)[C@@H](c2ccccc2)C1,0.0018,2.744727494896694
CHEMBL593,CC(C)Nc1cccnc1N1CCN(C(=O)c2cc3cc(NS(C)(=O)=O)ccc3[nH]2)CC1,0.043,1.3665315444204136
CHEMBL584,Cc1c(O)cccc1C(=O)N[C@@H](CSc1ccccc1)[C@H](O)CN1C[C@H]2CCCC[C@H]2C[C@H]1C(=O)NC(C)(C)C,0.013,1.8860566476931635
CHEMBL5196715,Cc1ccc2nc(C(=O)NC[C@@H](O)CO)cc(Nc3ccccc3F)c2c1,0.22,0.6575773191777937
CHEMBL219916,O=c1[nH]c2ccccc2n1CCCN1CCC(n2c(=O)[nH]c3cc(Cl)ccc32)CC1,0.022,1.6575773191777938
CHEMBL4514671,COc1ccc(C(=O)c2sc3nnc(C)c(C)c3c2N)cc1,0.48,0.3187587626244128
CHEMBL3933906,CC(C)c1cc(CNC(=O)c2ccc(Cl)c(OC3CCN(C)CC3)c2)on1,0.71,0.1487416512809247
CHEMBL2380450,COc1ccc(C2(c3cccc(-c4cncnc4)c3)N=C(N)c3nc(C)sc32)cc1,0.04,1.3979400086720375
CHEMBL4579281,Cc1ccc(OCc2cc3nc(C(N)=O)cc(-c4ccc(F)cc4)c3s2)c(C)n1,0.4,0.3979400086720376
CHEMBL4522625,CC(=O)N1CCN(c2nccn3c(-c4ccc5c(c4)CC(=O)N5)c(-c4ccc(F)cc4)nc23)CC1,0.06,1.2218487496163564
CHEMBL4457313,CC1(OC(=O)N2CCC(n3ncc(COc4ccc(C(N)=O)cc4F)c3C#N)CC2)CC1,0.24,0.619788758288394
CHEMBL5410949,CS(=O)(=O)c1ccc(Nc2ncnc3sc(C#N)cc23)cc1,0.13,0.8860566476931632
CHEMBL3974708,Cc1nnc2sc(C(=O)NCc3ccc(S(C)(=O)=O)cc3)c(N)c2c1C,0.14,0.8538719643217619
CHEMBL5209198,CC(Sc1nccn1C)C1CCN(S(=O)(=O)c2ccc3c(c2)CCO3)CC1,0.29,0.5376020021010439
CHEMBL601719,C[C@@H](Oc1cc(-c2cnn(C3CCNCC3)c2)cnc1N)c1c(Cl)ccc(F)c1Cl,0.017,1.769551078621726
CHEMBL4522808,O=C1Cc2cc(-c3c(-c4ccc(F)cc4)nc4c(N5CCC(F)CC5)nccn34)ccc2N1,0.56,0.2518119729937995
CHEMBL4578758,Cc1ncccc1OCc1cc2nc(C(N)=O)cc(-c3ccc(F)cc3)c2s1,0.4,0.3979400086720376
CHEMBL4569388,Cc1cn(-c2ccc3c(c2)C(=O)Nc2cccc(n2)-c2nncn2CCCCO3)cn1,0.1,1.0
CHEMBL3715238,Nc1ncc(-c2cc([C@H]3[C@@H]4CN(C5COC5)C[C@@H]43)n(CC3CC3)n2)cc1C(F)(F)F,0.859,0.0660068361687577
CHEMBL4211076,Cc1nnc2sc(C(=O)N3CC(c4ccccc4)C3)c(N)c2c1C,2.1,-0.3222192947339193
CHEMBL3329755,CCN(Cc1ccccc1C(F)(F)F)C(=O)C1CCN(S(=O)(=O)c2ccc3[nH]ncc3c2)CC1,0.28,0.5528419686577808
CHEMBL4473725,Cn1ncc2ccc(N3CCN(c4cncc5ccc(C(F)F)cc45)CC3)cc21,0.34,0.4685210829577448
CHEMBL4207861,Cc1cc(C)c2cc(C(=O)NC3CN(c4ccnc(F)c4F)C3)ccc2n1,0.3,0.5228787452803376
CHEMBL4461693,O=c1cc2n(cc1O)CCN(Cc1ccc(Cl)cc1Cl)C2,1.48,-0.1702617153949573
CHEMBL4460028,CC1(C)CCN1Cc1cccc(F)c1CNc1cc(F)c(S(=O)(=O)Nc2cscn2)c(F)c1,0.07,1.154901959985743
CHEMBL4637426,C[C@@H]1C[C@H]1COC(C)(C)[C@@H]1C[C@H]1[C@]12CN(c3ncccn3)C[C@H]1CSC(N)=N2,0.17,0.769551078621726
CHEMBL5179490,Cn1ccnc1SCC1CCN(S(=O)(=O)c2ccc3ncsc3c2)CC1,0.5,0.3010299956639812
CHEMBL5181454,CC(C)(O)c1ccc(N2Cc3c(cc(C4(C)COC4)nc3-c3ccccc3OCC(F)(F)F)C2=O)cc1,0.04,1.3979400086720375
CHEMBL2349480,CN1C(=O)C2(CC(C)(C)Cc3ccc(-c4cncnc4)cc32)N=C1N,0.405,0.3925449767853314
CHEMBL4594011,COc1cc2c(cc1Cc1ccccc1)C[C@H](N)C(=O)N2OC(=O)N(C)C,0.1,1.0
CHEMBL5402331,CS(=O)(=O)c1ccc(Nc2ncnc3sc(C(F)(F)F)cc23)cc1,0.32,0.494850021680094
CHEMBL5077997,Cc1cc(C)c2c(n1)sc1c(N3CC4(COC4)C3)ncnc12,4.47,-0.6503075231319364
CHEMBL4468760,C[C@H]1c2cccc(-c3cnn(C)c3)c2C[C@H](CO)N1C(=O)Cc1c(Cl)cccc1Cl,0.85,0.0705810742857072
CHEMBL3127073,C[C@]12CCOC[C@@H]1[C@]1(COC(N)=N1)c1cc(-c3cncc(Cl)c3)ccc1O2,0.065,1.1870866433571443
CHEMBL4073446,Cc1cc(C#N)ccc1-c1cc(N)cc2ncnn12,0.39,0.4089353929735008
CHEMBL4520814,CC(C)(O)CS(=O)(=O)c1ccc2c(c1)nc(C(C)(C)C)n2CC1CCOCC1,0.13,0.8860566476931632
CHEMBL3808485,Cc1ccc(OC2CCN(c3ncnc4ccc(F)cc34)CC2)cn1,5.37,-0.7299742856995556
CHEMBL4462175,Cc1cccc(C)c1CN1CCn2cc(O)c(=O)cc2C1,0.06,1.2218487496163564
CHEMBL4591825,COCc1nnc(N2C[C@@H]3C[C@]3(c3ccc(F)cc3Cl)C2)n1-c1ccc(OC)nc1,0.188,0.7258421507363202
CHEMBL4240041,Cn1cc(-c2ccc(Cc3cc(C(=O)N[C@@H]4CCCC[C@H]4O)nc4c3ccn4C)cn2)cn1,0.04,1.3979400086720375
CHEMBL4469418,CN(CC(=O)N1CCN(c2cncc3ccccc23)CC1)C(=O)c1cccs1,0.04,1.3979400086720375
CHEMBL5189883,C/C=C/c1cnc(C(=O)NCCOC)cc1Nc1ccccc1F,1.1,-0.041392685158225
CHEMBL296419,COc1ccc(CCN2CCC(Nc3nc4ccccc4n3Cc3ccc(F)cc3)CC2)cc1,0.577,0.2388241868442686
CHEMBL4542440,C[C@@H]1CCOc2cc(F)ccc2C(=O)Nc2cccc(n2)-c2nncn2C1,0.17,0.769551078621726
CHEMBL374478,CO[C@H]1/C=C/O[C@@]2(C)Oc3c(C)c(O)c4c(O)c(c(/C=N/N5CCN(C)CC5)c(O)c4c3C2=O)NC(=O)/C(C)=C\C=C\[C@H](C)[C@H](O)[C@@H](C)[C@@H](O)[C@@H](C)[C@H](OC(C)=O)[C@@H]1C,0.035,1.4559319556497243
CHEMBL4083081,Cc1nnc2sc(C(=O)NC3CN(c4ccc(C(F)(F)F)nc4)C3)c(N)c2c1C,0.33,0.4814860601221125
CHEMBL4437721,NC(=O)c1c(-c2ccc(Oc3ccc(Cl)cc3)cc2)nn([C@@H]2CCCN(C(=O)/C=C/CO)C2)c1N,0.011,1.958607314841775
CHEMBL4437035,Cc1nnc2ccc(C(=O)NC3CN(c4cc(Cl)ncc4Cl)C3)cc2c1C,0.06,1.2218487496163564
CHEMBL3109787,CC(C)S(=O)(=O)NC[C@@H]1CC(c2ccc(N3CCCC3)c(F)c2)=NO1,0.54,0.2676062401770314
CHEMBL5178575,FC(F)(F)c1c(Cl)ccc(-n2ccnn2)c1Cl,0.76,0.1191864077192086
CHEMBL4475472,Cc1nnc2ccc(C(=O)NC3CN(c4ccc(F)c(F)c4)C3)cc2c1C,0.56,0.2518119729937995
CHEMBL5440542,Cc1cn2cc(NC(=O)c3cnc(N4CC[C@@H](NC5CC5)C4)cn3)cc(F)c2n1,0.35,0.4559319556497244
CHEMBL4469998,Cc1cncc2sc(C(=O)NCc3ccc(S(=O)(=O)C(F)(F)F)cc3)c(N)c12,0.88,0.0555173278498313
CHEMBL4563894,Cc1nc2cc(-c3cc(F)cc(C#N)c3)ccc2s1,1.5,-0.1760912590556812
CHEMBL4165400,O=C(O)[C@H]1NCCC[C@H]1C(=O)N1CCc2ccccc2[C@H]1CN1C(=O)c2ccccc2C1=O,0.01,2.0
CHEMBL4531747,O=C(NCC1(O)CCCC(F)(F)C1)c1c(Cl)ccc2nc(N3CC[C@H](F)C3)ccc12,0.13,0.8860566476931632
CHEMBL3092562,Cc1nc(-c2cnn(C)c2-c2ccc(C(F)(F)F)cn2)c2c(N3CCC3)ncnn12,0.5666666666666667,0.2466723333413885
CHEMBL1581020,Cc1cc(C)c2c(N)c(C(=O)c3ccccc3)sc2n1,0.48,0.3187587626244128
CHEMBL5177176,CCN1C(=O)C(=O)N([C@H]2CCCN(C[C@H]3COc4ccccc4O3)C2)C1=O,0.4,0.3979400086720376
CHEMBL5081774,[2H]C([2H])([2H])C1(C([2H])([2H])[2H])Cn2nc(-c3ccc(F)cn3)c(-c3ccnc4[nH]ncc34)c2CO1,0.13,0.8860566476931632
CHEMBL4527834,C[C@@H]1CN(Cc2cc3nc(C(N)=O)cc(-c4ccc(F)cc4)c3s2)C[C@H](C)O1,0.52,0.2839966563652008
CHEMBL4066301,Cc1nnc2sc(C(=O)NC3CN(C(=O)c4ccncc4)C3)c(N)c2c1C,0.37,0.431798275933005
CHEMBL4872886,CC(C)C[C@@H](N)C(=O)Nc1ccc(-c2cnco2)c(OC(F)F)c1,0.6366666666666666,0.1960878874719349
CHEMBL4863383,[11CH3]Oc1ccc(NC(=O)c2ccn3c(n2)nc2ccccc23)cn1,0.9,0.0457574905606751
CHEMBL2349469,CN1C(=O)[C@]2(CC(C)(C)Cc3ccc(-c4cccnc4F)cc32)N=C1N,0.037,1.431798275933005
CHEMBL5415218,C[C@@H](Nc1ncc(-c2cncc(S(C)(=O)=O)c2)cn1)c1ccc(F)cc1,1.3,-0.1139433523068367
CHEMBL4248057,Cn1ccc(-c2ccc(Cc3cc(C(=O)N[C@@H]4CCOC[C@H]4O)nc4c3ccn4C)cc2)n1,0.045,1.3467874862246565
CHEMBL5403404,CCCN1CCN(c2ccc3c(c2)C(N(C)C(=O)OCc2ccccc2)CCC3)CC1,0.36,0.4436974992327127
CHEMBL1329,CN1CC[C@]23c4c5ccc(O[C@@H]6O[C@H](C(=O)O)[C@@H](O)[C@H](O)[C@H]6O)c4O[C@H]2[C@@H](O)C=C[C@H]3[C@H]1C5,0.011,1.958607314841775
CHEMBL4457158,CCC(=O)c1sc(-c2ccc(Cl)cc2)c(C)c1-c1ccc(S(N)(=O)=O)cc1,1.0,-0.0
CHEMBL3719135,CC(C)n1nc(-c2cnc(N)c(OC(F)(F)F)c2)cc1[C@H]1[C@@H]2CN(C3COC3)C[C@@H]21,0.7033333333333333,0.1528387994219698
CHEMBL1527295,CCOC(=O)c1cnc2c(OC)cccc2c1N1CCN(c2ccccc2F)CC1,0.96,0.0177287669604316
CHEMBL629,CN(C)CCC=C1c2ccccc2CCc2ccccc21,0.73,0.1366771398795441
CHEMBL3421729,C[C@H]1c2cccc(CCC(C)(C)O)c2C[C@H](CO)N1C(=O)Cc1c(Cl)cccc1Cl,0.3,0.5228787452803376
CHEMBL3359272,CC(C)N1CCC[C@H]1CNC(=O)c1cn(C2CCCC2)c(=O)c2c1c1ccccc1n2C,0.27,0.5686362358410126
CHEMBL3971067,CC(C)n1cc(-c2cc(-c3ccc(CN4CCOCC4)cc3)cnc2N)nn1,0.76,0.1191864077192086
CHEMBL4438313,O=c1cc2n(cc1O)CCN(Cc1ccccc1)C2,0.1,1.0
CHEMBL2349476,CN1C(=O)C2(CC(C)(C)Cc3ccc(-c4cccnc4F)cc32)N=C1N,0.13,0.8860566476931632
CHEMBL2179582,CC1(C)C(=O)N(C(=O)NCC2CCN(CC3(O)CCOCC3)CC2)c2cc(F)ccc21,1.8,-0.255272505103306
CHEMBL4758183,O=C1CCSC[C@@H](C(=O)Nc2cc(Cl)cc(Br)c2)N1,0.7,0.1549019599857432
CHEMBL4451520,C[C@H](COc1ccccc1)Oc1ccn(-c2cccc(Cl)c2)c(=O)c1,0.44,0.3565473235138126
CHEMBL189963,CC(=O)c1c(C)c2cnc(Nc3ccc(N4CCNCC4)cn3)nc2n(C2CCCC2)c1=O,0.01,2.0
CHEMBL5072675,[2H]C([2H])([2H])N1CC[C@@]23CCCC[C@@H]2[C@@H]1Cc1ccc(OC(F)(F)F)cc13,1.2,-0.0791812460476248
CHEMBL3966208,Cc1nnc2sc(C(=O)NCc3ccc(S(=O)(=O)C(C)C)cc3)c(N)c2c1C,0.67,0.1739251972991735
CHEMBL5183719,O=c1[nH]cc(CSc2ccc(S(F)(F)(F)(F)F)cc2)[nH]c1=O,0.54,0.2676062401770314
CHEMBL206132,COc1ccc2c(c1)[C@@]13CCCC[C@@H]1[C@@H](C2)N(C)CC3,27.9,-1.4456042032735976
CHEMBL3787247,CC1(C)CCC(Nc2ncnc3c2nn2ccccc32)CC1,1.2000000000000002,-0.0791812460476248
CHEMBL4464358,Cn1ncc2ccc(N3CCN(c4cncc5ccc(C#N)cc45)CC3)cc21,0.56,0.2518119729937995
CHEMBL4203759,CC(C)(O)COc1ccc(C(N)=O)c(O[C@H]2CCN(C(=O)Cc3ccc(OC(F)(F)F)cc3)C[C@H]2F)c1,0.026,1.585026652029182
CHEMBL2381192,Cn1ncc(-c2nn(C)c3ncnc(N4CCC4)c23)c1-c1ccc(C(F)(F)F)cc1,0.32,0.494850021680094
CHEMBL4753189,CC(C)Oc1cc(F)cc2c(N3CCN(c4ccccc4F)CC3)c(C#N)cnc12,1.0,-0.0
CHEMBL4172016,COc1cc(F)c(-c2c(C)nn3c(C(F)(F)F)cc(C)nc23)cc1F,0.9,0.0457574905606751
CHEMBL5202092,CO[C@@H](CO)CNC(=O)c1cc(Nc2cccc(F)c2F)c2cc(Cl)ccc2n1,0.55,0.2596373105057561
CHEMBL4216045,O=c1[nH]c2ccc(-c3c(Cl)cccc3C3CC3)cc2[nH]1,0.3,0.5228787452803376
CHEMBL4590806,CN(C)C(=O)c1cc(CC(=O)O)ccc1NC(=O)c1ccccc1-c1ccc(C(F)(F)F)cc1,0.0037,2.431798275933005
CHEMBL3663242,C[C@H]1Cn2c(nnc2-c2cnccn2)C(=O)N1Cc1cccc(C(F)(F)F)c1Cl,0.51,0.2924298239020636
CHEMBL4526419,Nc1c(C(=O)c2ccncc2)sc2nc(OCc3ccncc3)c3c(c12)CCC3,0.48,0.3187587626244128
CHEMBL5400263,Cc1nnc(-c2ccc(-c3cccc4c3C(=O)N([C@H](C3CC3)C(C)(C)O)C4)cc2)o1,0.5,0.3010299956639812
CHEMBL5083833,Cc1cc(C)c2c(n1)sc1c(C3CCN(C(=O)C4(C)CC4)CC3)ncnc12,0.54,0.2676062401770314
CHEMBL894,CC(NC(C)(C)C)C(=O)c1cccc(Cl)c1,2.0,-0.3010299956639812
CHEMBL5071551,Cc1cc(C)c2c(n1)sc1c(NCc3ccc(S(C)(=O)=O)cc3)ncnc12,0.45,0.3467874862246563
CHEMBL4100832,[2H]C1([2H])OC(N)=N[C@]12c1cc(-c3cc(C#N)cc(OC)c3)ccc1C[C@]21CC[C@@H](OC)CC1,0.27,0.5686362358410126
CHEMBL4517408,COc1cc(-c2cncc(-c3ccc(N4CCNCC4)cc3)c2C)cc(OC)c1OC,0.3,0.5228787452803376
CHEMBL4581976,Cc1nnc2sc(C(=O)c3ccc(F)cc3F)c(N)c2c1C,0.48,0.3187587626244128
CHEMBL4172540,C[C@@H](COc1ccn(-c2ccc(F)cc2)c(=O)c1)Oc1ccccc1,0.31,0.5086383061657274
CHEMBL4435054,CC(C)N(C)Cc1cccc(F)c1CNc1cc(F)c(S(=O)(=O)Nc2cscn2)c(F)c1,0.42,0.3767507096020995
CHEMBL1090058,COc1ccc(Cc2cc([C@@H]3OC4(COC4)[C@@H](O)[C@H](O)[C@H]3O)ccc2C)cc1,0.048,1.3187587626244128
CHEMBL424,O=C(O)c1ccccc1O,0.19,0.721246399047171
CHEMBL5406873,COc1ccc(-c2cc(C(=O)N[C@H]3CCCN(C)C3)nn2C)c(Cl)c1,1.4,-0.146128035678238
CHEMBL3623290,COc1cc2ncnc(Nc3cccc(Cl)c3F)c2cc1OC(=O)N1CCN(C)C[C@H]1C,0.91,0.0409586076789063
CHEMBL4559283,Cc1nc2cc(C)c3c(N)c(C(=O)NC4CN(c5cnc(Cl)cn5)C4)sc3n2n1,0.22,0.6575773191777937
CHEMBL4562269,C[C@H]1CCCOc2cc(F)ccc2C(=O)Nc2cccc(n2)-c2nncn21,0.09,1.0457574905606752
CHEMBL4565738,Cc1nnc2sc(C(=O)c3ccncc3)c(N)c2c1C,0.48,0.3187587626244128
CHEMBL5286106,CC(C)(O)C12CC(C1)N(c1cc(-n3ncc4ccc([C@]5(C#N)CC56CC6)cc43)ncn1)C2,0.265,0.5767541260631921
CHEMBL5440409,Cc1cc2c(Nc3ccc(NS(C)(=O)=O)cc3)ncnc2s1,0.35,0.4559319556497244
CHEMBL5415209,Cc1nnc(-c2ccc(-c3c(F)c(F)cc4c3C(=O)N([C@H](C3CC3)C(C)(C)O)C4)cc2)o1,0.2,0.6989700043360187
CHEMBL5198797,Cc1nc(SCC2CCN(S(=O)(=O)c3ccc4c(c3)CCO4)CC2)n(C)c1C,0.32,0.494850021680094
CHEMBL5187721,Fc1cc(COC2CCN(Cc3ccc4[nH]cnc4c3)CC2)ccc1Cl,3.655,-0.5628873812938793
CHEMBL2361777,COc1ccc(-c2c(C)nn3c(C(F)(F)F)cc(C)nc23)cc1,1.1,-0.041392685158225
CHEMBL5419652,N#Cc1ccc(Nc2nccc(C(=O)Nc3cnccc3-c3ccc(F)cc3)n2)cc1,0.4,0.3979400086720376
CHEMBL5400026,CN[C@@H]1CCN(c2cnc(C(=O)Nc3cc4cn(C)nc4c(C)c3F)cn2)C1,0.84,0.0757207139381183
CHEMBL5422441,C[C@@H](c1ccc(F)cc1)n1cc(-c2cc(F)cc3cn[nH]c23)c(=O)[nH]c1=O,0.11,0.958607314841775
CHEMBL5432764,Cc1cn2cc(NC(=O)c3cnc(N4CC[C@H](CNC5CC5)C4)cn3)cc(F)c2n1,0.67,0.1739251972991735
CHEMBL4575082,Cc1cc(C)c2c(N)c(C(=O)c3ccc(F)cc3F)sc2n1,0.48,0.3187587626244128
CHEMBL4744634,N#Cc1cnc2c(OC3CCOC3)cccc2c1N1CCN(c2ccccc2F)CC1,0.79,0.1023729087095585
CHEMBL4797139,FC(F)(F)c1nccc2cc(Nc3n[nH]c4ncccc34)ccc12,0.1066666666666666,0.9719712763997564
CHEMBL4862702,Cc1c(F)cncc1-c1ccc2nc(NC(=O)[C@@H]3C[C@@H]3F)sc2c1,0.21,0.6777807052660807
CHEMBL86,CCN(CC)CCNC(=O)c1cc(Cl)c(N)cc1OC,2.454,-0.3898745583909854
CHEMBL4214738,Cc1cc(C)c2cc(C(=O)NC3CN(c4cc(Cl)ncc4Cl)C3)ccc2n1,0.3,0.5228787452803376
CHEMBL428690,CN1CC[C@H](c2c(O)cc(O)c3c(=O)cc(-c4ccccc4Cl)oc23)[C@H](O)C1,0.1196666666666666,0.9220268061413434
CHEMBL5085509,CC(C)(O)c1ccc(NC(=O)c2ccnn(-c3ccccc3OCC(F)(F)F)c2=O)cc1,0.26,0.585026652029182
CHEMBL4170106,COc1cnc(C(=O)Nc2ccc(F)c([C@@]3(C)N=C(N)COC3=C(F)F)c2)cn1,0.11,0.958607314841775
CHEMBL4783046,COC[C@H]1c2cc(OC)ccc2Sc2c(-c3cc(=O)cc(N4CCOCC4)o3)cccc21,0.18,0.744727494896694
CHEMBL4545456,CCN1CC2(C1)CN(c1ccc(Nc3ncc(F)c(-c4cnn5c4[C@H](C)CCCC5)n3)nc1)C2,0.3566666666666667,0.4477374770344527
CHEMBL5075610,Cc1cc(C)c2c(n1)sc1c(N3CCCC3)nccc12,37.1,-1.569373909615046
CHEMBL4207737,COc1ccc(CNC(=O)c2sc3nnc(C)c(C)c3c2N)cc1F,0.605,0.2182446253475311
CHEMBL5421096,FC(F)Oc1cc(-n2cc(COc3ncccn3)nn2)ccc1Cl,0.8033333333333333,0.095104212144794
CHEMBL4062934,Cc1nnc2sc(C(=O)NC3CN(c4nc5cccnc5s4)C3)c(N)c2c1C,1.3,-0.1139433523068367
CHEMBL2177913,NC1=N[C@@](c2cccc(-c3cncnc3)c2)(c2ccnc(C(F)F)c2)c2cccc(F)c21,0.7,0.1549019599857432
CHEMBL5196698,Cc1cc2c(Nc3c(F)cccc3F)cc(C(=O)NC3CC3)nc2cn1,0.37,0.431798275933005
CHEMBL4445828,COc1cc(-c2nnc(-c3cc(OC(F)(F)F)ccc3-n3cncn3)o2)ccc1OCC1CC1,0.43,0.3665315444204134
CHEMBL5202890,O=C(NC[C@@H](F)CO)c1cc(Nc2ccccc2F)c2cc(Br)ccc2n1,0.9,0.0457574905606751
CHEMBL3822763,Cn1cc2c(-c3cc(F)c(Cn4cnc5ccccc5c4=O)c(F)c3)cccc2n1,0.32,0.494850021680094
CHEMBL5270781,CC1CN(c2ccncc2NC(=O)c2ccnn3cc(-c4ccccc4)nc23)CCO1,0.34,0.4685210829577448
CHEMBL4794132,C[C@H](CN1C[C@@H](C)O[C@@H](C)C1)Oc1ccc2c(c1)Cc1cccc(-c3cc(=O)cc(N4CCOCC4)o3)c1S2,0.03,1.5228787452803376
CHEMBL4780059,Cc1c(C(F)F)nnc2sc(C(=O)NC3CN(c4ncc(C(F)(F)F)cn4)C3)c(N)c12,0.88,0.0555173278498313
CHEMBL2337984,CC(C)(C)NC(=O)CN1CCN(CC(=O)NC23CC4CC(CC(C4)C2)C3)CC1,0.4,0.3979400086720376
CHEMBL4788846,O=c1[nH]nc(-c2ccc(Cl)c(C(F)(F)F)c2)o1,0.025,1.6020599913279625
CHEMBL5405095,C#Cc1n[nH]c2c(-c3cn(C(C)c4ccccn4)c(=O)[nH]c3=O)cc(F)cc12,0.022,1.6575773191777938
CHEMBL5082904,Cc1cc(C)c2c(n1)sc1c(N3CCC3)ncnc12,6.49,-0.8122446968003693
CHEMBL4462872,Cn1cc2ccc(N3CCN(c4cncc5ccccc45)CC3)c(F)c2n1,0.53,0.2757241303992109
CHEMBL5422736,CS(=O)(=O)c1ccc(Nc2ncnc3sc(-c4ccccc4)cc23)cc1,0.87,0.0604807473813814
CHEMBL5394686,COc1cc2ncnc(Nc3cccc(Cl)c3F)c2cc1OCCON1CCN(C)CC1,0.39,0.4089353929735008
CHEMBL5089102,Cc1c(Nc2ncc3cc(Cl)c(C4CCN(C5COC5)CC4)cc3n2)cnn1C1CC1,0.2,0.6989700043360187
CHEMBL116,CC(C)CN(C[C@@H](O)[C@H](Cc1ccccc1)NC(=O)O[C@H]1CCOC1)S(=O)(=O)c1ccc(N)cc1,0.02,1.6989700043360187
CHEMBL4175868,COc1ccc(-c2c(C)nn3c(C(F)(F)F)cc(C)nc23)c(F)c1,0.9,0.0457574905606751
CHEMBL3421730,C[C@H]1c2cccc(C(C)(C)O)c2C[C@H](CO)N1C(=O)Cc1c(Cl)cccc1Cl,1.05,-0.021189299069938
CHEMBL5272946,O=C(N1CCN2CCC1CC2)n1nc(-c2ccc(F)cc2)c2c1COCC2,0.4,0.3979400086720376
CHEMBL88588,COc1cc(C(=O)NCC2(N(C)C)CCCC2)cc(OC)c1OCc1ccccc1,0.5,0.3010299956639812
CHEMBL701,NCC(CC(=O)O)c1ccc(Cl)cc1,0.02,1.6989700043360187
CHEMBL4593541,CC(C)(C)C(=O)N1CCN(c2cncc3ccccc23)CC1,0.2,0.6989700043360187
CHEMBL6,COc1ccc2c(c1)c(CC(=O)O)c(C)n2C(=O)c1ccc(Cl)cc1,0.092,1.0362121726544449
CHEMBL4546545,Cc1ccc(CC(C)(C)NC[C@@H](O)CO[C@H](C)c2ccccc2-c2ccc(C(=O)O)c(C)c2)cc1F,0.0018,2.744727494896694
CHEMBL4638506,COc1cc(N2CC(NC(=O)c3cc4c(C)n(C)nc4cn3)C2)c(Cl)cn1,0.97,0.0132282657337551
CHEMBL5179805,COCCNC(=O)c1cc(Nc2ccccc2F)c2cc(C)ncc2n1,0.89,0.0506099933550872
CHEMBL4852400,C[C@@H]1CCN(c2nc(N3CCOCC3)cc(=O)[nH]2)[C@H]1Cc1ccccc1,0.47,0.3279021420642826
CHEMBL5198957,Cc1cc2c(Nc3ccccc3F)cc(C(=O)NCC(C)(C)C#N)nc2cn1,0.44,0.3565473235138126
CHEMBL4080878,Cc1ccc(OC2CCN(c3c(C#N)cnc4ccc(F)cc34)CC2)cn1,2.37,-0.3747483460101038
CHEMBL5179626,Cc1cc2c(Nc3ccccc3)cc(C(=O)NC3CC3)nc2cn1,0.54,0.2676062401770314
CHEMBL4635170,COc1cc(N2CC(NC(=O)c3cn4c(C)c(C)nc4cn3)C2)c(Cl)cn1,1.33,-0.1238516409670858
CHEMBL4798497,COc1cc(N2CC(NC(=O)c3sc4nnc(Cl)c(C)c4c3N)C2)c(Cl)cn1,0.42,0.3767507096020995
CHEMBL4170481,Cc1ccc2[nH]c(C(=O)N[C@H]3Cc4ccccc4[C@@H]3NC(=O)[C@@H]3CN(C)CCO3)cc2c1,0.292,0.5346171485515817
CHEMBL963,CN1CC[C@]23c4c5ccc(O)c4O[C@H]2C(=O)CC[C@@]3(O)[C@H]1C5,0.79,0.1023729087095585
CHEMBL266195,C=CCc1ccccc1OCC(O)CNC(C)C,0.38,0.4202164033831898
CHEMBL44657,COc1cc([C@@H]2c3cc4c(cc3[C@@H](O[C@@H]3O[C@@H]5CO[C@@H](C)O[C@H]5[C@H](O)[C@H]3O)[C@H]3COC(=O)[C@H]23)OCO4)cc(OC)c1O,0.024,1.619788758288394
CHEMBL4210892,Cn1cnc(-c2cnc(O[C@H]3CCN(C(=O)Cc4ccc(OC(F)(F)F)cc4)C[C@H]3F)c(C(N)=O)c2)c1,0.043,1.3665315444204136
CHEMBL4065111,Cc1nnc2sc(C(=O)NCc3ccc(-c4cccnc4[18F])cc3)c(N)c2c1C,1.1,-0.041392685158225
CHEMBL4521751,CC(C)C[C@H](Nc1ccc(C(=O)NCCC(=O)O)cn1)c1ccc(-c2ccc(C(F)(F)F)cn2)cc1,0.0042,2.3767507096021
CHEMBL4097025,CNC(=O)N1CCc2c(c(N3CCCc4cc(-c5cnn(C)c5)c(C(F)F)cc43)nn2C2CCOCC2)C1,0.02,1.6989700043360187
CHEMBL4160748,COc1ccc(-c2c(C)nn3c(C(F)(F)F)cc(C)nc23)c(F)c1F,2.3,-0.3617278360175928
CHEMBL70,CN1CC[C@]23c4c5ccc(O)c4O[C@H]2[C@@H](O)C=C[C@H]3[C@H]1C5,0.33,0.4814860601221125
CHEMBL1200781,Br.CN(C)CCCC1(c2ccc(F)cc2)OCc2cc(C#N)ccc21,2.4775,-0.3940136631573129
CHEMBL4877190,O=C(O)CCCN1CCC(OC(c2ccc(Cl)cc2)c2ccccn2)CC1,0.018,1.744727494896694
CHEMBL3942511,Cc1nnc2sc(C(=O)NCc3ccc(S(F)(F)(F)(F)F)cc3)c(N)c2c1C,0.875,0.0579919469776867
CHEMBL4062225,C#Cc1ccc2c(c1)C(c1ccccn1)=NCc1c(-c3cnco3)ncn1-2,0.66,0.1804560644581313
CHEMBL4752634,COC[C@@H](C)Oc1ccc2c(c1)Cc1cccc(-c3cc(=O)cc(N4CCOCC4)o3)c1S2,0.14,0.8538719643217619
CHEMBL5285699,Fc1ccc([C@H]2c3ccccc3CCN2C2=NC[C@@H](C3(F)CNC3)O2)cc1,8.33,-0.9206450014067876
CHEMBL441,CCCC(C)C1(CC)C(=O)NC(=S)NC1=O,1.53,-0.1846914308175988
CHEMBL4549344,COc1ccc(-c2cc(C(N)=O)nc3cc(COc4ccc(C(F)(F)F)nc4)nn23)c(F)c1,0.4,0.3979400086720376
CHEMBL3823059,Cn1cc2c(-c3cc(F)c(Cn4c(=O)cnc5ccccc54)c(F)c3)cccc2n1,0.77,0.1135092748275181
CHEMBL5287100,Fc1ccc([C@H]2c3ccccc3CCN2C2=N[C@H](C3(F)CNC3)CO2)cc1,2.91,-0.4638929889859073
CHEMBL4445506,Cc1nnc2ccc(C(=O)NC3CN(c4ncc(F)cc4Cl)C3)cc2c1C,0.29,0.5376020021010439
CHEMBL3823885,Cn1cc2c(-c3cc(F)c(Cn4cnc5cnccc5c4=O)c(F)c3)cccc2n1,0.6,0.2218487496163564
CHEMBL521606,CC(C)(C)NCC(O)COc1cccc2c1CC(O)C(O)C2,0.037,1.431798275933005
CHEMBL4161847,CCCOc1ccc(C(=O)Nc2cc(OC(F)(F)F)ccc2-n2cncn2)cc1OC,1.0,-0.0
CHEMBL5085809,C[C@@H]1CN(C(=O)[C@H](C)N2CCC(n3c(=O)[nH]c4ccccc43)CC2)C[C@@H](C)N1,0.8,0.0969100130080563
CHEMBL4436028,O=C1Cc2cc(-c3c(-c4ccc(F)cc4)nn4c(N5CCC(O)CC5)nccc34)ccc2N1,0.4,0.3979400086720376
CHEMBL4164328,CN(C)CCNC(=O)[C@H]1c2ccccc2C[C@@H]1NC(=O)c1cc2ccccc2[nH]1,0.02,1.6989700043360187
CHEMBL517,CC(C)N(CCC(C(N)=O)(c1ccccc1)c1ccccn1)C(C)C,0.036,1.4436974992327127
CHEMBL4445682,COc1cc(C(=O)Nc2cc(OC(F)(F)F)ccc2-n2cncn2)ccc1OCC1CC1,0.6266666666666666,0.2029634054559826
CHEMBL1119,CNCC(c1ccc(OC)cc1)C1(O)CCCCC1,1.0074999999999998,-0.0032450548131469
CHEMBL708,O=C1Cc2cc(CCN3CCN(c4nsc5ccccc45)CC3)c(Cl)cc2N1,0.9,0.0457574905606751
CHEMBL3813842,CC1(C)OCCn2c1nc1c(N3CCOCC3)nc(-c3cnc(N)nc3)nc12,0.4,0.3979400086720376
CHEMBL5416410,Cc1nc(Nc2ncc(C(=O)Nc3c(C)cccc3Cl)s2)cc(N2CCN(CCO)CC2)n1.O,0.016,1.7958800173440752
CHEMBL5433486,Cc1nnc(-c2ccc(-c3c(F)c(F)cc4c3C(=O)N([C@@H](C(C)(C)O)C(F)(F)F)C4)cc2)o1,0.4,0.3979400086720376
CHEMBL4215846,Cn1cnc(-c2ccc(OC3CCN(C(=O)Cc4ccc(OC(F)(F)F)cc4)CC3)c(C(N)=O)c2)c1,0.0065,2.1870866433571443
CHEMBL4443161,O=C1Cc2cc(-c3c(-c4ccc(F)cc4)nc4c(N5CCOCC5)nccn34)ccc2N1,0.33,0.4814860601221125
CHEMBL4760610,N#Cc1ccc(N2CCN(C(=O)CCS(=O)(=O)c3cccc4ncsc34)CC2)nc1,0.17,0.769551078621726
CHEMBL4076748,CC(=O)N1CCc2c(c(N3CCCc4cc(-c5cnn(C)c5)c(C(F)F)cc43)nn2C2CCOCC2)C1,0.43,0.3665315444204134
CHEMBL5436727,Nc1ncc(-c2cn(C34CC(N5CCOCC5)(C3)C4)c(C3CC3)n2)cc1OC(F)(F)F,0.73,0.1366771398795441
CHEMBL3127086,CN1C(=O)[C@]2(N=C1N)c1cc(-c3cncc(F)c3)ccc1O[C@H]1CCOC[C@@H]12,0.084,1.0757207139381184
CHEMBL4239430,Cn1nc(C2CC2)c2ccc(Nc3n[nH]c4cccnc34)cc21,0.3,0.5228787452803376
CHEMBL1084926,CC(C)(O)c1cc2nc(-c3cnc(N)nc3)nc(N3CCOCC3)c2s1,0.04,1.3979400086720375
CHEMBL4632962,Cc1c2c(N)c(C(=O)NC3CN(c4cc(Cl)ncc4Cl)C3)ccc2nn1C,0.3,0.5228787452803376
CHEMBL5284353,O=C1NCCc2c1cnn2-c1ccnc(Cc2cc(F)cc(C(F)(F)F)c2)c1,0.35,0.4559319556497244
CHEMBL5428833,CC(C)n1nnnc1[C@@H](c1ccccc1F)N1CCN(c2cccc(Cl)c2)CC1,0.77,0.1135092748275181
CHEMBL4578455,COc1ccc(C(=O)c2sc3nc(C)cc(C)c3c2N)cc1,0.48,0.3187587626244128
CHEMBL5402829,O=C(Nc1cnccc1-c1ccc(F)cc1)c1ccnc(Nc2ccc(F)cc2)n1,0.4,0.3979400086720376
CHEMBL4206126,FC(F)(F)CCc1ccnc2c1CC[C@@H]1CNCCN21,1.3,-0.1139433523068367
CHEMBL4780651,Cc1c(Cl)nnc2sc(C(=O)NC3CN(c4ncc(C(F)(F)F)cn4)C3)c(N)c12,0.17,0.769551078621726
CHEMBL5199411,O=C([C@H]1C[C@@H](c2cccc(Cl)c2)CN1)N1CCN(c2nccc3ccsc23)CC1,0.36,0.4436974992327127
CHEMBL3127100,C[C@]12CCOC[C@@H]1[C@]1(COC(N)=N1)c1cc(-c3cc(F)cc(Cl)c3)ccc1O2,0.72,0.1426675035687315
CHEMBL4089114,O=C(Nc1ccc(F)cn1)c1cc(Oc2cncc(F)c2)cn2ncnc12,0.6,0.2218487496163564
CHEMBL3809292,Cc1ccc2ncnc(N3CCC(Oc4ccc(C)nc4)CC3)c2c1,0.62,0.2076083105017461
CHEMBL5431111,C#Cc1cc2c(c(F)c1-c1c(O)cccc1Cl)OC[C@H]1CN(C(=O)C=C)CCN1C2,0.05,1.3010299956639813
CHEMBL4440381,Cc1cc(-n2cc(C(=O)N3CCO[C@@H](C)C3)c3ccc(O[C@@H](C)c4ccc(F)cn4)nc32)n[nH]1,0.2166666666666666,0.6642078980768068
CHEMBL4214902,O=c1[nH]c2ccc(-c3c(Cl)cccc3OC(F)(F)F)cc2[nH]1,0.6,0.2218487496163564
CHEMBL2177470,CC(C)Oc1cc(CN2CC[C@@]3(C[C@@H]2C)CN(C)S(=O)(=O)N3c2cccc(F)c2)ccc1O,0.27,0.5686362358410126
CHEMBL5398848,COc1cc2nn(C)cc2cc1NC(=O)c1cnc(N2CC(CNC3CC3)C2)cn1,0.1,1.0
CHEMBL4076493,Cc1cc(C#N)ccc1-c1cccc2ncnn12,1.59,-0.2013971243204515
CHEMBL4537447,Cn1cnc(-c2ccc(O[C@H]3CCN(C(=O)Cc4ccc(OC(F)(F)F)cc4)C[C@@H]3F)c(C(N)=O)c2)c1,0.0018,2.744727494896694
CHEMBL2381848,CCC[C@H](Oc1cc(C)c(-n2cc(C(F)(F)F)cn2)c(C)c1)c1ccc(C(=O)NCCC(=O)O)cc1,0.026,1.585026652029182
CHEMBL2180070,C[C@H](c1nc2c(cnn2C2CCCC2)c(=O)[nH]1)N1CC(c2ncccn2)C1,1.4,-0.146128035678238
CHEMBL4544318,Nc1c(C(=O)c2ccncc2)sc2nc(OCCN3CCOCC3)c3c(c12)CCC3,0.48,0.3187587626244128
CHEMBL3127080,CN1C(=O)[C@]2(N=C1N)c1cc(-c3cccnc3F)ccc1O[C@H]1CCOC[C@@]12C,0.093,1.031517051446065
CHEMBL3221637,CC(C)N1CCC(Oc2ccc(C3(C(N)=O)CCOCC3)cc2)CC1,0.09,1.045757490560675
CHEMBL4457366,COc1cc2c(OC[C@H]3NC(=O)[C@@H]4C[C@]34C)nccc2cc1C(N)=O,0.032,1.494850021680094
CHEMBL5290639,Fc1ccc([C@H]2c3ccccc3CCN2C2=NC[C@@H](C3CN4CCC3CC4)O2)cc1,2.7,-0.4313637641589873
CHEMBL4554391,Cc1nc2ccc(F)cc2nc1-c1cc2nc(N3CC[C@@H](F)C3)cc(NCC(C)(C)O)n2n1.Cl,0.5,0.3010299956639812
CHEMBL2338404,CC(C)(C)CS(=O)(=O)NCCN1CCN(CC(=O)NC23CC4CC(CC(C4)C2)C3)CC1,0.3,0.5228787452803376
CHEMBL4544036,CO[C@@H]1C[C@H](C(=O)Nc2ccc(-n3cc(Cl)ccc3=O)cc2F)N(C(=O)Nc2ccc(Cl)cc2)C1,0.064,1.193820026016113
CHEMBL5191702,O=c1[nH]cc(CSc2ccc(C(F)F)cc2)[nH]c1=O,0.22,0.6575773191777937
CHEMBL4111091,C[C@@H]1CN(Cc2ccc3c(-c4cnn(C)c4)cc(C(N)=O)nc3c2)C[C@H](C(F)(F)F)O1,1.0,-0.0
CHEMBL2064632,CN(C)C[C@@H](OC(=O)N1Cc2c(NC(=O)C3(C(F)(F)F)CC3)n[nH]c2C1(C)C)c1ccccc1,0.013,1.8860566476931635
CHEMBL5081803,CN1CC[C@@]23CCCC[C@@H]2[C@@H]1Cc1ccc(C(F)F)cc13,7.8,-0.8920946026904804
CHEMBL657,CN(C)CCOC(c1ccccc1)c1ccccc1,4.016666666666667,-0.6038657921912247
CHEMBL5178658,O=c1[nH]cc(CSc2ccc(C(F)(F)F)cc2)[nH]c1=O,0.07,1.154901959985743
CHEMBL3805563,Nc1noc2ccc(-c3cc(Cl)ccc3Oc3cc(F)c(S(=O)(=O)Nc4cscn4)cc3F)cc12,0.0018,2.744727494896694
CHEMBL5190013,Cc1ccc2nc(C(=O)NC[C@@H](F)CO)cc(Nc3ccccc3F)c2c1,0.9,0.0457574905606751
CHEMBL4515326,Cc1nnc2sc(C(=O)c3cccnc3)c(N)c2c1C,0.48,0.3187587626244128
CHEMBL2,COc1cc2nc(N3CCN(C(=O)c4ccco4)CC3)nc(N)c2cc1OC,0.111,0.9546770212133424
CHEMBL4584784,CC(=O)c1ccc2cncc(N3CCN(c4ccc5cnn(C)c5c4)CC3)c2c1,0.63,0.2006594505464183
CHEMBL5408628,C#Cc1n[nH]c2c(-c3cn(C(C)c4ccccc4)c(=O)[nH]c3=O)cc(F)cc12,0.1,1.0
CHEMBL4594350,C=C(F)C(=O)N1CCN(c2nc(OC[C@@H]3CCCN3C)nc3c2CCN(c2cccc4cccc(Cl)c24)C3)C[C@@H]1CC#N,0.01,2.0
CHEMBL4639222,COc1cc(N2CC(NC(=O)c3ccc4nn(C)c(C)c4c3N)C2)c(Cl)cn1,0.25,0.6020599913279624
CHEMBL1946811,CC1(C)CN(CCC#N)C(=O)[C@@H]1Oc1ccc(C#N)c(C(F)(F)F)c1,0.11,0.958607314841775
CHEMBL4521763,O=c1[nH]c(=S)n(CCO)c2cc[nH]c12,0.048,1.3187587626244128
CHEMBL5202351,CC(C)C[C@H](N)c1cc(C#N)c2cc(-c3ccncc3)ccc2n1,0.4,0.3979400086720376
CHEMBL4100398,CN1C(=O)[C@@H](N2CCc3c(nn(Cc4ccccc4)c3Cl)C2=O)COc2cc(C#N)ccc21,0.3,0.5228787452803376
CHEMBL5189938,Cc1cc2c(Nc3ccccc3F)cc(C(=O)NC3CCOCC3)nc2cn1,0.47,0.3279021420642826
CHEMBL571,CC(C(=O)O)c1cccc(C(=O)c2ccccc2)c1,0.01,2.0
CHEMBL4211593,Cc1cccc(C)c1-c1ccc2[nH]c(=O)[nH]c2c1,0.3,0.5228787452803376
CHEMBL5273263,CC[C@](C)(O)C#Cc1cc2c(cn1)cnn2-c1ccnc(N)n1,0.08,1.0969100130080565
CHEMBL3298273,O=C1NCCc2nc(OCc3cccc(F)c3)ccc21,1.1,-0.041392685158225
CHEMBL3982695,CSc1ccc(CNC(=O)c2sc3nnc(C)c(C)c3c2N)cc1,0.48,0.3187587626244128
CHEMBL5285892,C[C@H](C(=O)Nc1ccc(C[C@@H](N)C(=O)O)cc1)c1cccc(C(=O)c2ccccc2)c1,0.35,0.4559319556497244
CHEMBL2338403,CC(C)(C)S(=O)(=O)CCCN1CCN(CC(=O)NC23CC4CC(CC(C4)C2)C3)CC1,0.3,0.5228787452803376
CHEMBL4072118,CO[C@H]1CC[C@]2(CC1)Cc1ccc(-c3cc(Cl)cc(C#N)c3)cc1[C@@]21COC(N)=N1,0.21,0.6777807052660807
CHEMBL2178134,CCNc1nc(Nc2cc(F)c(C(=O)N3CCOCC3)cc2OC)ncc1C(F)(F)F,0.55,0.2596373105057561
CHEMBL1978713,COc1ccc(CNC(=O)c2sc3nc(C)cc(C)c3c2N)cc1,1.1,-0.041392685158225
CHEMBL4206946,COc1cc(N2CC(NC(=O)c3ccc4nc(C)cc(C)c4c3)C2)c(Cl)cn1,3.36,-0.526339277389844
CHEMBL129,Cc1cn([C@H]2C[C@H](N=[N+]=[N-])[C@@H](CO)O2)c(=O)[nH]c1=O,0.09,1.0457574905606752
CHEMBL4632555,Cc1c2cc(C(=O)NC3CN(c4cc(Cl)ncc4Cl)C3)ccc2nn1C,0.04,1.3979400086720375
CHEMBL4207042,CNC(=O)c1cnc(N)c(O[C@H]2CN(C(=O)Cc3ccc(OC(F)(F)F)cc3)CC2(F)F)c1,0.018,1.744727494896694
CHEMBL2347203,C[C@@]1(c2cc(NC(=O)c3ccc(C#N)cn3)ccc2F)CCOC(N)=N1,0.057,1.2441251443275083
CHEMBL3122113,CNc1nc(Nc2cn(C(C)(C)C#N)nc2C)ncc1C(F)(F)F,0.53,0.2757241303992109
CHEMBL5081193,O=C(Nc1ccn(-c2ccnc(F)c2)n1)C1(c2ccccc2F)CC1,1.1,-0.041392685158225
CHEMBL5412914,CC(C)c1nc(-c2cnc(N)c(OC(F)(F)F)c2)cn1C12CC(N3CCOCC3)(C1)C2,0.6,0.2218487496163564
CHEMBL2180026,COc1ccc(C2(c3cccc(-c4cccnc4)c3)N=C(C)C(N)=N2)cc1,0.08,1.0969100130080565
CHEMBL741,Nc1nnc(-c2cccc(Cl)c2Cl)c(N)n1,0.88,0.0555173278498313
CHEMBL5396961,C[C@@]1(N2CCC(c3cc4cc(NC(=O)C5CC56CC6)ncc4cc3Cl)CC2)COC[C@@H]1O,0.6,0.2218487496163564
CHEMBL2386771,Cc1cc(Oc2cnc(C)nc2)cc(C(=O)Nc2ccc(F)cn2)n1,0.36,0.4436974992327127
CHEMBL2180073,C[C@H](c1nc2c(cnn2C2CCOCC2)c(=O)[nH]1)N1CC(Oc2ccccc2)C1,0.6,0.2218487496163564
CHEMBL3810300,Cc1sc2ncnc(N3CCC(Oc4ccc5c(c4)CCO5)CC3)c2c1C,1.38,-0.1398790864012364
CHEMBL4455799,O=C(NC1CC1)c1nc2cccnn2c1-c1ccc2ncnn2c1,2.5,-0.3979400086720376
CHEMBL1112,O=C1CCc2ccc(OCCCCN3CCN(c4cccc(Cl)c4Cl)CC3)cc2N1,0.43,0.3665315444204134
CHEMBL3808442,Cc1ncc(OC2CCN(c3ncnc4sc(C)c(C)c34)CC2)cn1,0.65,0.1870866433571444
CHEMBL4447294,Cc1c[nH]c(=O)c2sc(C(=O)NCc3ccc(S(=O)(=O)C(F)(F)F)cc3)c(N)c12,0.03,1.5228787452803376
CHEMBL4527640,Cc1cc(C)c2c(N)c(C(=O)c3ccncc3)sc2n1,0.48,0.3187587626244128
CHEMBL4846092,CC(C)(C)Oc1cc(CCC(C)(C)N2Cc3ccc(S(C)(=O)=O)cc3C2)ccc1O,6.75,-0.829303772831025
CHEMBL4783168,O=c1cc(-c2cccc3c2Sc2ccc(O[C@@H]4CCN(CC(F)F)C4)cc2C3)oc(N2CCOCC2)c1,0.05,1.3010299956639813
CHEMBL4760480,O=c1cc(-c2cccc3c2Sc2ccc(OC4COC4)cc2C3)oc(N2CCOCC2)c1,0.07,1.154901959985743
CHEMBL5417255,C=CC(=O)N1CCN2Cc3ccc(-c4c(C)ccc5[nH]ncc45)c(Cl)c3OC[C@H]2C1,0.24,0.619788758288394
CHEMBL4442714,O=C(c1cccc(N2CCNCC2)n1)N1CCC(c2ccccc2F)CC1,0.078,1.1079053973095196
CHEMBL3809693,Cc1sc2ncnc(N3CCC(Oc4ccc(F)nc4)CC3)c2c1C,0.34,0.4685210829577448
CHEMBL24,CC(C)NCC(O)COc1ccc(CC(N)=O)cc1,0.0255,1.5934598195660448
CHEMBL5078388,CN1CC[C@@]23CCCC[C@@H]2[C@@H]1Cc1ccc(OC(F)(F)F)cc13,3.3,-0.5185139398778874
CHEMBL3612809,COc1cc([C@H](O)CN2CCN(C[C@H](O)c3ccc4c(c3C)COC4=O)CC2)ncc1C#N,0.13,0.8860566476931632
CHEMBL4516088,Cc1nc2sc(C(=O)c3ccccc3)c(N)c2c(C)c1Cl,0.48,0.3187587626244128
CHEMBL3938522,N#C[C@@H]1C[C@H]1c1c(Cl)ccc2nc(Cn3nc(C(F)(F)F)cc3Cl)cc(=O)n12,0.67,0.1739251972991735
CHEMBL2375520,Oc1noc2cc(Cl)c(Cl)cc12,1.1,-0.041392685158225
CHEMBL4549515,Cc1nc2cc(C)c3c(N)c(C(=O)NC4CN(c5ccc(F)c(F)c5)C4)sc3n2n1,0.04,1.3979400086720375
CHEMBL3186228,O=C1c2ccccc2C(=O)N1C[C@@H]1c2ccccc2CCN1C(=O)C1CCCCC1,0.3,0.5228787452803376
CHEMBL2178608,COC1(c2sc3c(N4CCOCC4)nc(-c4cnc(N)nc4)nc3c2C)COC1,0.4000000000000001,0.3979400086720375
CHEMBL3983700,Cc1nnc2sc(C(=O)NCc3ccc(S(=O)(=O)C4CC4)cc3)c(N)c2c1C,0.29,0.5376020021010439
CHEMBL5416793,C=CC(=O)N1C[C@H]2CCOc3c(Cl)c(-c4c(O)cccc4F)c(F)c4ncnc(c34)N2C[C@H]1C,0.06,1.2218487496163564
CHEMBL2337982,O=C(CN1CCN(CCC2CCOCC2)CC1)NC12CC3CC(CC(C3)C1)C2,1.2,-0.0791812460476248
CHEMBL4165849,COc1cc(C(=O)Nc2cc(OC(F)(F)F)ccc2-n2cncn2)ccc1OC(C)C,0.89,0.0506099933550872
CHEMBL5076867,Cc1cc(C)c2c(n1)sc1c(NCc3ccc(C(C)(C)O)cc3)nccc12,2.27,-0.3560258571931227
CHEMBL5315124,C[C@H]1COc2c(N3CCN(C)CC3)c(F)cc3c(=O)c(C(=O)O)cn1c23.C[C@H]1COc2c(N3CCN(C)CC3)c(F)cc3c(=O)c(C(=O)O)cn1c23.O,0.12,0.9208187539523752
CHEMBL6966,COc1ccc(CCN(C)CCCC(C#N)(c2ccc(OC)c(OC)c2)C(C)C)cc1OC,0.9565,0.0193150256366853
CHEMBL4111131,Cn1ncc(-c2ccc(C(=O)N(c3ncccc3Cl)[C@@H]3CCCNC3)cc2)c1C(=O)O,0.16,0.7958800173440752
CHEMBL4516136,Nc1c(C(=O)c2ccncc2)sc2nc(O)c3c(c12)CCCC3,0.48,0.3187587626244128
CHEMBL3895947,C[C@@H]1c2ncn(-c3ccc(F)cn3)c2CCN1C(=O)c1cccc(C(F)(F)F)c1Cl,0.84,0.0757207139381183
CHEMBL4632672,COc1nn(-c2cnccn2)cc1C(=O)Nc1cccc(-c2nncn2C(C)C)n1,0.38,0.4202164033831898
CHEMBL4745777,N#Cc1cnc2c(N3CCOCC3)cccc2c1N1CCN(c2ccccc2F)CC1,1.24,-0.093421685162235
CHEMBL4572957,Cc1cccc(-n2ccc(O[C@H](C)COc3ccccc3)cc2=O)c1,0.53,0.2757241303992109
CHEMBL2177488,CC(C)Oc1cccc(CN2CC[C@]3(CNS(=O)(=O)N3c3cccc(F)c3)C[C@@H]2C)c1,0.22,0.6575773191777937
