train_loss,train_r2,val_loss,val_rmse,val_mae,val_r2
0.4511949151754379,-0.0056352749589700935,0.5648193657398224,0.749971105222039,0.5637550646113971,-0.03424411973489372
0.4176588416099548,0.2266387898532285,0.5706261247396469,0.753668864848409,0.5593918527639101,-0.044468018389397956
0.2928192257881165,0.41834484002055183,0.4751221239566803,0.6872635193285374,0.5152077680778882,0.13147848504337978
0.17717262879014015,0.5841222799923169,0.6184071600437164,0.7833982560177922,0.5799983912517154,-0.12849385512431488
0.23791924118995667,0.6223962898424424,0.7306306064128876,0.8545486193708682,0.6063108398091226,-0.34278830935577576
0.2459905654191971,0.6089778072412706,0.8884299099445343,0.9382855290919102,0.5723314966178603,-0.6188404014745634
0.21684179753065108,0.7089764954339577,0.7008929252624512,0.8340265322367902,0.5171591667901903,-0.2790682870552861
0.1479676052927971,0.7225664534308249,0.5215918272733688,0.7189077383878528,0.502845293117894,0.049657143341593324
0.3236634820699692,0.7183184472017132,0.4416760206222534,0.6627664465232572,0.4765786480099436,0.1922908088211137
0.29376012906432153,0.728258074432319,0.5178952068090439,0.7172054794598084,0.5118748231066598,0.0541523358767253
0.229619812220335,0.7520383228095682,0.6263396590948105,0.7881490415227766,0.4921867037339816,-0.14222247488756823
0.1552091047167778,0.723404791411582,0.5210516452789307,0.7189369460961624,0.4634124502421372,0.04957992091281627
0.33582281954586507,0.7476803788228303,0.44819533824920654,0.6667103667264598,0.4365646175094067,0.18264934702850089
0.1588395781815052,0.7127709231084566,0.36604738235473633,0.6029473328788182,0.43735948258212637,0.3315133253546695
0.15556392073631287,0.7711325369391032,0.784979060292244,0.8823456005429815,0.5305969987715048,-0.43156623651388326
0.10964262522757054,0.7769550065287667,0.508511558175087,0.7123720113676497,0.5638260891631482,0.06685809317224967
0.09812472797930241,0.7840943582430654,0.28314241021871567,0.531158936063381,0.394778981036137,0.48122028952597795
0.5280877392739057,0.7690638375233094,0.27328183501958847,0.5218059732662269,0.4044333532570846,0.4993293993683996
0.08325827357184608,0.8006956219578825,0.4168030023574829,0.6439406711497084,0.47938994794256157,0.23752482270237762
0.07947742845863104,0.8139901578162645,0.39439529180526733,0.6263476031764075,0.44137377942365313,0.27861877076656194
0.5150264650583267,0.7985063537878722,0.34220080077648163,0.5830511268823942,0.4057071137404631,0.37490319961607066
0.09244035482406616,0.8040377062096293,0.5476444661617279,0.7397615664883542,0.5622104832104274,-0.006276953654801742
0.15629552230238913,0.757708004786114,0.32453136146068573,0.5675760903248486,0.4017148654730547,0.40764483170926635
0.11412199884653092,0.8459374902722179,0.34567373245954514,0.5864863703310969,0.4356372574906027,0.3675155605636705
0.0960442941635847,0.8290046378565445,0.32688194513320923,0.5694065594708372,0.3972304528726945,0.40381790409078866
0.06664881221950054,0.8530627571160682,0.363700270652771,0.6008536584521713,0.4343265227027356,0.33614777153193653
0.06938979683736761,0.8338236196539003,0.3744571805000305,0.6094988335905979,0.42153403748359,0.3169071249516585
0.10601729266345501,0.8717244729080881,0.3883238732814789,0.6209617247960265,0.4368185320543864,0.29097155086628756
0.12538341246545315,0.8363272367463743,0.38357312232255936,0.6170035461341874,0.44056599995210055,0.2999818218480085
0.08580434285104274,0.8576505183882346,0.3899446427822113,0.62231019408202,0.426864413633233,0.2878887804588868
0.12688806504011155,0.8449070454227144,0.4263441935181618,0.650729697654167,0.4540187881461212,0.22136261400510937
0.17692944072186947,0.8583719112833521,0.460077166557312,0.6766140528345627,0.469021337964232,0.15818623103264218
0.1143785197287798,0.7960031462950159,0.36362798511981964,0.6005955533439316,0.4296709739322227,0.33671798308791556
0.10285401120781898,0.835157863623588,0.3535143956542015,0.5924863382594135,0.41438814764103243,0.35450827488589676
0.19181023836135863,0.8100784769028146,0.40965746343135834,0.6371638033686814,0.41895386091773473,0.25348903734535466
0.08357582502067089,0.8296300713344636,0.42734721302986145,0.6516062839859673,0.43717058041384294,0.21926342408612765
0.07726200297474861,0.822902676757231,0.4344119131565094,0.6577112248330144,0.47016893779592855,0.20456534995068376
0.05711186118423939,0.8735320219798737,0.3451317772269249,0.5855408717162957,0.4003305629723602,0.3695532246966682
0.0919735562056303,0.8926248987362777,0.3598119616508484,0.5977122470223083,0.41734820947287576,0.3430711924663813
0.046827627904713155,0.894017568898602,0.3733491227030754,0.6085066582278134,0.4124623556577024,0.3191292663121492
0.1621248809620738,0.8972761431977505,0.4053954482078552,0.6340950405862807,0.4226171165882122,0.26066254066331496
0.03283414161996916,0.9217207419992912,0.39959314465522766,0.6298964758861939,0.4284802998697001,0.2704209494481855
0.11324707008898258,0.9188180493757283,0.4073125869035721,0.6356910196163117,0.42949035991397166,0.25693612125096177
0.03447931715054438,0.9175717472408906,0.3757759928703308,0.6102813040858278,0.4024841601235999,0.31515209906969455
0.04727012924849987,0.8915616414540363,0.37078215181827545,0.606442789294592,0.41343076810950324,0.3237400454501629
0.033490476314909756,0.9203023808972168,0.3935437798500061,0.6246799839318602,0.42369763949324213,0.28245494021956663
0.05972540862858296,0.9070249523698949,0.36479583382606506,0.6017215081068124,0.4155026093598396,0.3342287019395498
0.056742625683546065,0.9189966368707679,0.35989025235176086,0.597545871708761,0.4033594097764719,0.3434368584714197
0.05577454175800085,0.9144457662233907,0.38370999693870544,0.6168843768146371,0.41055979913780616,0.3002522016034084
0.057308885641396044,0.9278417943371803,0.37566323578357697,0.6104137141574558,0.4099620907079606,0.31485488990954613
0.058983782306313515,0.9036522584716247,0.364215612411499,0.601249360208825,0.4165631809996234,0.3352731026744361
0.05643204003572464,0.891520949473192,0.40693336725234985,0.6358023135024135,0.436565385096603,0.2566759140013045
0.08619219437241554,0.8858542572899584,0.4208022505044937,0.6466108436839572,0.43807152658700943,0.23118833396754235
0.051010926626622675,0.8992026020263293,0.39589014649391174,0.6268410798508293,0.42632920212215847,0.2774816225058221
0.13132560513913633,0.9016893452842998,0.40221548080444336,0.6316087327789436,0.42667804404147086,0.26644910740183747
0.043347532488405706,0.9079873305731492,0.34676172584295273,0.586635591557375,0.4110461352245202,0.36719367035405925
0.08702532388269901,0.8299570397067111,0.37252121418714523,0.6078875088767223,0.4133979800556387,0.3205141195438722
0.059518508799374106,0.9036116879948103,0.3563625067472458,0.5950858959868452,0.4199569387331841,0.34883160683656456
0.06655081529170274,0.917758782986081,0.4354049041867256,0.65755325647604,0.44543337875178884,0.20494739730017364
0.16580296959728003,0.9059611589181413,0.4249408319592476,0.6493407893341228,0.44028705240242066,0.2246828922263665
0.17210457734763623,0.8908212166459054,0.41570892184972763,0.6421508192650986,0.42840627438965295,0.24175757599121872
0.09451573025435209,0.913219905971317,0.4073980450630188,0.6356885475159918,0.4249868080433872,0.2569419005519866
0.14050269583240152,0.9176656020333818,0.4013500064611435,0.6310847473393933,0.4326566325293647,0.26766571676588746
0.07542265998199582,0.9193324732506493,0.3997238874435425,0.6298533201294518,0.43027099198292174,0.2705209165337601
0.04557876037433743,0.892014969680444,0.3946519196033478,0.6257897278948581,0.42591965807572246,0.2799032381497121
0.30874541588127613,0.8883576042700951,0.41201893985271454,0.6393382378181895,0.4266702617326426,0.2483851411690694
0.10068483110517264,0.8809162883202823,0.464866578578949,0.6789101675881033,0.44109480851699434,0.15246308445593626
0.07168241497129202,0.9038877946828431,0.39248625189065933,0.6238419026428897,0.4163515067526272,0.28437898999200006
