chembl_id,smiles,true_value,pred_value,error,num_atoms,mean_importance,max_importance
CHEMBL4634061,O=C1c2cc(C(F)(F)F)ccc2NC12CCN(CC1CCOCC1)CC2,-1.582063362911709,-0.54431045,1.0377529,26,-0.10855529,0.014306873
CHEMBL5075610,Cc1cc(C)c2c(n1)sc1c(N3CCCC3)nccc12,-1.569373909615046,-0.90151787,0.6678561,20,-0.123730615,0.006907746
CHEMBL1200781,Br.CN(C)CCCC1(c2ccc(F)cc2)OCc2cc(C#N)ccc21,-1.4353665066126613,-1.5389165,0.10354996,25,-0.073370464,0.1871753
CHEMBL3809076,Cc1ccc(OC2CCN(c3cc(C)nc4ccc(F)cc34)CC2)cn1,-1.3304137733491908,-0.27015823,1.0602555,26,-0.118948445,-0.03293577
CHEMBL4531229,COc1ccc(CCC(=O)c2sc3nnc(C)c(C)c3c2N)cc1F,-1.0413926851582251,-0.36632478,0.6750679,25,-0.11961893,-0.0076221284
CHEMBL4468770,Cn1cc2ccc(N3CCN(c4cncc5ccccc45)CC3)cc2n1,2.0,-0.2275535,2.2275536,26,-0.12268388,-0.038215354
CHEMBL4465534,C[C@]1(c2cc(NC(=O)c3cnc(OCF)cn3)ccc2F)N=C(N)SCC12CCS(=O)(=O)CC2,2.0,1.298704,0.701296,34,-0.13615839,0.005151757
CHEMBL5194500,O=c1[nH]c2ccsc2[nH]c1=O,2.397940008672037,2.07042,0.3275199,11,-0.492444,-0.1469126
CHEMBL4246570,CN(CC(=O)O)[C@H](CC#N)Cc1ccc(OCc2ccc(Cl)c(Cl)c2)cc1,2.435728569561437,2.09311,0.34261847,27,-0.20153631,0.046969842
CHEMBL3115390,Cc1ccc(Oc2cccc(CC(=O)N3CCNc4nc(C(F)(F)F)ccc4[C@H]3CC(=O)O)c2)cn1,2.6989700043360187,1.7732629,0.9257072,36,-0.1438903,-0.024489343
