CompoundID,SMILES,Kp
CHEMBL3798234,Nc1cccnc1C(=O)Nc1ccc(N2C(=O)c3ccccc3C2=O)c(Cl)c1,1.31
CHEMBL2403769,C[C@@]1(c2cc(NC(=O)c3ccc(Cl)cn3)ccc2F)COCC(N)=N1,0.615
CHEMBL5075610,Cc1cc(C)c2c(n1)sc1c(N3CCCC3)nccc12,37.1
CHEMBL4449793,O=C(Nc1ccc2[nH]c(=O)oc2c1)C(=O)N1CCN(Cc2ccc(Cl)cc2)CC1,0.41
CHEMBL5415218,C[C@@H](Nc1ncc(-c2cncc(S(C)(=O)=O)c2)cn1)c1ccc(F)cc1,1.8
CHEMBL4172016,COc1cc(F)c(-c2c(C)nn3c(C(F)(F)F)cc(C)nc23)cc1F,2.7
CHEMBL3114967,Cn1cnc(S(=O)(=O)N2C[C@@H]3[C@H](C2)[C@@]3(CNC(=O)c2ccc(Cl)cc2Cl)c2ccccn2)c1,1.1
CHEMBL54,O=C(CCCN1CCC(O)(c2ccc(Cl)cc2)CC1)c1ccc(F)cc1,8.5
CHEMBL4753189,CC(C)Oc1cc(F)cc2c(N3CCN(c4ccccc4F)CC3)c(C#N)cnc12,4.99
CHEMBL4208114,CCN1CCc2ccc(-n3cc(C(=O)N4CCC(F)CC4)c4cc(OC)c(OC)cc4c3=O)cc21,0.13
CHEMBL4441595,C[C@@H]1CN(Cc2ccc3c(c2)c(=O)c(C(N)=O)cn3-c2ccc(F)cc2)C[C@H](C)O1,0.3
CHEMBL4239430,Cn1nc(C2CC2)c2ccc(Nc3n[nH]c4cccnc34)cc21,1.04
CHEMBL3898022,Fc1ccccc1CC[C@@H]1CN(Cc2c[nH]c3cc(Cl)ccc23)CCC1(F)F,0.4
CHEMBL3114971,Cn1cnc(S(=O)(=O)N2C[C@@H]3[C@H](C2)[C@@]3(CNC(=O)c2ccccc2C(F)(F)F)CC2CC2)c1,0.635
CHEMBL4176494,CCCS(=O)(=O)NCCOc1ccc2c(c1)[C@@H](Cc1ccc(Cl)c(Cl)c1)[C@@H](N)CC2,0.05
CHEMBL3963788,Cc1nnc2sc(C(=O)NCc3ccc(S(=O)(=O)C(F)F)cc3)c(N)c2c1C,0.11
CHEMBL4102040,Cc1nnc2sc(C(=O)NCc3ccc(-c4ccc(F)nc4)cc3)c(N)c2c1C,0.13
CHEMBL4761695,[2H]C([2H])([2H])Oc1cc(F)cc2c(N3CCN(c4ccccc4F)CC3)c(C#N)cnc12,3.76
CHEMBL4077427,O=c1[nH]c2ccc(-c3cc(C[C@]4(O)CC[C@@H](Cc5ccccc5)CC4)no3)cc2o1,0.92
CHEMBL4451235,O=C(c1cc(-c2cn[nH]c2)on1)N1CCC(Cc2ccc(Cl)cc2)CC1,3.27
CHEMBL4168094,Cn1ccc(COc2cnc(C(N)=O)cc2-c2ccc(F)cc2)n1,1.9
CHEMBL4872830,O=c1cc(N2CCOCC2)cc(N2CCCCC[C@@H]2Cc2ccccc2)[nH]1,0.41
CHEMBL4074570,O[C@]1(Cc2cc(-c3cn[nH]c3)on2)CC[C@H](Cc2ccc(F)c(F)c2)CC1,1.99
CHEMBL4091437,O=C(C[C@]1(O)CC[C@@H](Cc2ccc(OC(F)(F)F)cc2)CC1)Nc1ccc2[nH]c(=O)oc2c1,0.15
CHEMBL4240041,Cn1cc(-c2ccc(Cc3cc(C(=O)N[C@@H]4CCCC[C@H]4O)nc4c3ccn4C)cn2)cn1,0.03
CHEMBL3542429,Cc1nc2n(c(=O)c1CCN1CCC(c3noc4cc(F)ccc34)CC1)CC(O)CC2,1.3825
CHEMBL3809076,Cc1ccc(OC2CCN(c3cc(C)nc4ccc(F)cc34)CC2)cn1,21.4
CHEMBL4093543,COc1ccc(C[C@H]2CC[C@](O)(Cc3cc(-c4cn[nH]c4)on3)CC2)cc1,1.64
CHEMBL4453068,C#Cc1cccc(Nc2ncnc3cc4c(cc23)OCCO4)c1,0.491
CHEMBL4514040,O=C(NC1CC(F)(F)C1)c1nsc2cc(Nc3n[nH]c4nccnc34)ccc12,0.08
CHEMBL4462872,Cn1cc2ccc(N3CCN(c4cncc5ccccc45)CC3)c(F)c2n1,1.2
CHEMBL4526419,Nc1c(C(=O)c2ccncc2)sc2nc(OCc3ccncc3)c3c(c12)CCC3,0.83
CHEMBL4239660,C[C@H](Cc1ccc(OCc2ccc(Cl)c(Cl)c2)cc1)N(C)CC(=O)O,0.09
CHEMBL4561636,Cc1nnc2ccc(C(=O)NC3CN(c4ncc(C#N)cc4Cl)C3)cc2c1C,0.04
CHEMBL3810071,Cc1ccc(OC2CCN(c3nc(C)nn4ccc(C)c34)CC2)cn1,1.42
CHEMBL4787495,O=S(=O)(c1ccc(F)cc1)N(CCCN1CCC(c2noc3cc(F)ccc23)CC1)C1COC1,2.875
CHEMBL4101281,O[C@]1(Cc2cc(-c3cn[nH]c3)on2)CC[C@H](Cc2ccc(OC(F)(F)F)cc2)CC1,2.51
CHEMBL4470637,C[C@@H]1CN(C(=O)C(=O)Nc2ccc3[nH]c(=O)oc3c2)CCN1c1ccc(Cl)c(F)c1,1.19
CHEMBL4641905,CCNC(=O)c1ccc(-c2c(C)nc3c(OCc4ccccc4F)cccn23)cn1.Cl,0.27
CHEMBL4647393,Cc1nn(C)c2cnc(C(=O)NC3CN(c4cc(Cl)ncc4Cl)C3)cc12,0.24
CHEMBL4776981,Cc1c(Cl)nnc2sc(C(=O)NC3CN(c4cc(C(F)(F)F)ncc4Cl)C3)c(N)c12,0.31
CHEMBL4788846,O=c1[nH]nc(-c2ccc(Cl)c(C(F)(F)F)c2)o1,0.16
CHEMBL5422736,CS(=O)(=O)c1ccc(Nc2ncnc3sc(-c4ccccc4)cc23)cc1,0.89
CHEMBL4076130,O=C1Cc2cc(NC(=O)C[C@]3(O)CC[C@@H](Cc4ccccc4)CC3)ccc2N1,0.11
CHEMBL3810300,Cc1sc2ncnc(N3CCC(Oc4ccc5c(c4)CCO5)CC3)c2c1C,1.25
CHEMBL5172913,CCOc1ccc(F)cc1NC(=O)c1ccccc1NS(=O)(=O)C1CC1,0.29
CHEMBL1112,O=C1CCc2ccc(OCCCCN3CCN(c4cccc(Cl)c4Cl)CC3)cc2N1,0.655
CHEMBL4211076,Cc1nnc2sc(C(=O)N3CC(c4ccccc4)C3)c(N)c2c1C,2.6
CHEMBL5207808,Cc1nnc(SCC2CCN(S(=O)(=O)c3ccc4c(c3)CCO4)CC2)s1,1.25
CHEMBL3114791,Cn1cnc(S(=O)(=O)N2C[C@@H]3[C@H](C2)[C@@]3(CNC(=O)c2ccc(Cl)cc2)CC2CC2)c1,0.3
CHEMBL4575990,NC(=O)c1cc(-c2ccc(F)cc2)n2nc(CCc3ccnc(C(F)(F)F)c3)cc2n1,4.25
CHEMBL4638506,COc1cc(N2CC(NC(=O)c3cc4c(C)n(C)nc4cn3)C2)c(Cl)cn1,0.67
CHEMBL4435714,CCOc1cc(N2CCC3(CC2)C(=O)Nc2ccc(Br)cc23)nnc1Cl,0.37
CHEMBL4060569,COC[C@@H](NC(=O)N1CC(=O)Nc2cc(OC)cnc21)c1ccc(OC(F)(F)F)c(F)c1,0.96
CHEMBL4091821,Cc1nnc2sc(C(=O)NCc3ccc(-c4cccnc4F)cc3)c(N)c2c1C,0.425
CHEMBL4103723,O[C@]1(Cc2cc(-c3cn[nH]c3)on2)CC[C@H](Cc2ccc(F)cc2)CC1,1.62
CHEMBL4550517,COc1ccc(-c2cc(C(N)=O)nc3cc(COc4ccnc(C)c4)nn23)c(F)c1,2.5
CHEMBL5190430,N#Cc1ccc(SCc2c[nH]c(=O)c(=O)[nH]2)cc1Cl,0.23
CHEMBL5203148,Cn1ccnc1SCC1CCN(S(=O)(=O)c2ccc3c(c2)OCO3)CC1,0.53
CHEMBL3114968,Cn1cnc(S(=O)(=O)N2C[C@@H]3[C@H](C2)[C@@]3(CNC(=O)c2ccccc2C(F)(F)F)c2ccccn2)c1,1.1
CHEMBL4216213,Cc1nnc2sc(C(=O)N3CC(c4cccc(F)c4)C3)c(N)c2c1C,2.1
CHEMBL1978713,COc1ccc(CNC(=O)c2sc3nc(C)cc(C)c3c2N)cc1,0.38
CHEMBL3808485,Cc1ccc(OC2CCN(c3ncnc4ccc(F)cc34)CC2)cn1,6.13
CHEMBL4632855,Cn1nnc2ccc(C(=O)NC3CN(c4cc(Cl)ncc4Cl)C3)cc21,0.05
CHEMBL4078903,O=c1ccc(-c2cc(C[C@]3(O)CC[C@@H](Cc4ccc(Cl)cc4)CC3)no2)c[nH]1,0.08
CHEMBL3961464,COc1ccc2c(CN3CCC(F)(F)[C@H](CCc4ccc(F)cc4)C3)c[nH]c2c1,3.3
CHEMBL4457158,CCC(=O)c1sc(-c2ccc(Cl)cc2)c(C)c1-c1ccc(S(N)(=O)=O)cc1,8.277999999999999
CHEMBL4460045,CCOc1cc(N2CC(n3c(=O)[nH]c4cc(C(F)(F)F)ccc43)C2)ncc1Cl,0.14
CHEMBL5404659,C[C@@H](Nc1ncc(-c2ccc3oc(=O)n(C)c3c2)nn1)c1ccc(F)cc1,1.4
CHEMBL4583516,COc1cc(N2CC(NC(=O)c3ccc4nnc(C)c(C)c4c3)C2)c(Cl)cn1,0.09
CHEMBL4435396,NC(=O)c1cc(-c2ccc(F)cc2)n2nc(COc3ccnc(C(F)(F)F)c3)cc2n1,4.04
CHEMBL3952780,Fc1ccc(CC[C@@H]2CN(Cc3c[nH]c4cc(Cl)ccc34)CCC2(F)F)cc1,1.3
CHEMBL4465816,CCNc1cc(N2CC(n3c(=O)[nH]c4ccccc43)C2)nnc1Cl,0.03
CHEMBL4579281,Cc1ccc(OCc2cc3nc(C(N)=O)cc(-c4ccc(F)cc4)c3s2)c(C)n1,2.0
CHEMBL4584784,CC(=O)c1ccc2cncc(N3CCN(c4ccc5cnn(C)c5c4)CC3)c2c1,0.95
CHEMBL1527295,CCOC(=O)c1cnc2c(OC)cccc2c1N1CCN(c2ccccc2F)CC1,4.7
CHEMBL5183719,O=c1[nH]cc(CSc2ccc(S(F)(F)(F)(F)F)cc2)[nH]c1=O,0.98
CHEMBL5284890,Nc1ncc(-c2cc(N3CCC(F)(F)C3)nc(N3C[C@@H]4C[C@H]3CO4)n2)nc1OC(F)F,0.5
CHEMBL4065111,Cc1nnc2sc(C(=O)NCc3ccc(-c4cccnc4[18F])cc3)c(N)c2c1C,0.75
CHEMBL4085711,CCc1ccc(Oc2cc(N3CCC(C(=O)N4CCc5ccccc5C4)CC3)ncn2)cc1,1.45
CHEMBL4642055,Cc1c2c(ccc3c(NC4CN(c5cc(Cl)ncc5Cl)C4)ncnc32)nn1C,0.21
CHEMBL4083327,COc1cncc(N2CC(NC(=O)c3sc4nnc(C)c(C)c4c3N)C2)c1,0.05
CHEMBL5179490,Cn1ccnc1SCC1CCN(S(=O)(=O)c2ccc3ncsc3c2)CC1,0.48
CHEMBL4849331,Cc1ccncc1-c1ccc2nc(NC(=O)[C@@H]3C[C@@H]3F)sc2c1.Cl,0.275
CHEMBL4435364,O=C(c1cc(-c2ccc(=O)[nH]c2)on1)N1CCC(Cc2ccccc2)CC1,0.37
CHEMBL4065330,O=c1ccc(-c2cc(C[C@]3(O)CC[C@@H](Cc4ccccc4)CC3)no2)c[nH]1,0.34
CHEMBL4787268,c1cnc2c(Nc3ccc4c(-n5cccn5)nccc4c3)n[nH]c2c1,1.37
CHEMBL4129395,O=C(NC1CCCCC1)C1CN(Cc2ccc(-n3cccn3)cc2)c2ccccc2O1,1.1
CHEMBL3798517,CCc1cnc(Oc2ccc(NC(=O)c3ncccc3N)cc2Cl)nc1,0.36
CHEMBL4647876,Cn1nnc2ccc(C(=O)NC3CN(c4cc(Cl)ncc4Cl)C3)c(N)c21,0.17
CHEMBL4459939,Cc1ncc(C)n2nc(CC(=O)N3c4nc5ccccc5n4C[C@@H]3C)nc12,2.3
CHEMBL4750375,C#Cc1cccc(Nc2ncnc3cc4c(cc23)OCCO4)c1F,0.575
CHEMBL267014,Clc1ccc(N2CCN(Cc3c[nH]c4ncccc34)CC2)cc1,10.0
CHEMBL4070692,Cc1nnc2sc(C(=O)NCc3ccc(-c4ccncc4)cc3)c(N)c2c1C,0.94
CHEMBL3823130,Cn1cc(-c2ccc(CN3Cc4ncccc4C3=O)c(F)c2)cn1,0.3
CHEMBL5195160,CCOc1ccc(F)cc1NC(=O)c1cc(F)ccc1NS(=O)(=O)C1CC1,0.19
CHEMBL3115389,CC(C)COc1cccc(CC(=O)N2CCNc3nc(C(F)(F)F)ccc3[C@H]2CC(=O)O)c1,0.043
CHEMBL4475753,COc1ccc(-c2cc(C(N)=O)nc3cc(COc4cnc(C)nc4)sc23)cc1,3.41
CHEMBL3114972,Cn1cnc(S(=O)(=O)N2C[C@@H]3[C@H](C2)[C@@]3(CNC(=O)c2cccc(C(F)(F)F)c2)CC2CC2)c1,0.8
CHEMBL4203977,Cc1cc(C)c2cc(C(=O)NC3CN(c4ccc(C(F)(F)F)nc4)C3)ccc2n1,0.05
CHEMBL4249189,C[C@H](Cc1ccc(OCc2ccc(Br)c(Cl)c2)cc1)N(C)CC(=O)O,0.1399999999999999
CHEMBL4445828,COc1cc(-c2nnc(-c3cc(OC(F)(F)F)ccc3-n3cncn3)o2)ccc1OCC1CC1,2.0
CHEMBL4533083,NC(=O)c1cc(-c2ccc(F)cc2)n2nc(COc3ccnc(Br)c3)cc2n1,2.5
CHEMBL4640097,CCNC(=O)c1ccc(-c2c(C)nc3c(OCc4ccc(-c5ccccc5)cc4)cccn23)cn1.Cl,0.45
CHEMBL3115395,O=C(Cc1cccc(Oc2ccccc2)c1)N1CCNc2nc(C(F)(F)F)ccc2C1,0.72
CHEMBL4172540,C[C@@H](COc1ccn(-c2ccc(F)cc2)c(=O)c1)Oc1ccccc1,1.1733333333333331
CHEMBL521982,O=C(Nc1nc(C(F)(F)F)co1)C1c2ccccc2Oc2ccccc21,0.29
CHEMBL4238059,Cn1cc(-c2ccc(Cc3cc(C(=O)NC4CCOCC4)nc4c3ccn4C)cn2)cn1,0.22
CHEMBL3643445,CCCS(=O)(=O)NCCOc1ccc2c(c1)C(C1(c3ccc(Cl)cc3)CCC1)NCC2,0.54
CHEMBL307488,C[C@H](NC(=O)[C@@](C)(Cc1c[nH]c2ccccc12)NC(=O)OCc1cc2ccccc2o1)c1ccccc1,0.4
CHEMBL1118,CN(C)CC(c1ccc(O)cc1)C1(O)CCCCC1,2.95
CHEMBL4206946,COc1cc(N2CC(NC(=O)c3ccc4nc(C)cc(C)c4c3)C2)c(Cl)cn1,0.84
CHEMBL42,CN1CCN(C2=Nc3cc(Cl)ccc3Nc3ccccc32)CC1,8.5
CHEMBL4102419,O[C@]1(Cc2cc(-c3cn[nH]c3)on2)CC[C@H](Cc2ccccc2)CC1,1.44
CHEMBL3809603,Cc1sc2ncnc(N3CCC(C(=O)N4CCCC4)CC3)c2c1C,0.45
CHEMBL3823781,O=c1c2ccncc2ncn1Cc1c(F)cc(-c2ccc3cnccc3c2)cc1F,2.9000000000000004
CHEMBL4436022,Cc1nnc2ccc(C(=O)NC3CN(c4ncc(Cl)cc4F)C3)cc2c1C,0.03
CHEMBL3809096,Cc1ccc(OC2CCN(c3ncnc4sc(C)c(C)c34)CC2)cn1,1.16
CHEMBL4076727,O[C@]1(Cc2cc(-c3cn[nH]c3)on2)CC[C@H](Cc2ccc(Cl)cc2)CC1,1.31
CHEMBL85,Cc1nc2n(c(=O)c1CCN1CCC(c3noc4cc(F)ccc34)CC1)CCCC2,2.988
CHEMBL3353290,COc1ccc([C@@]23c4ccccc4C(=O)N2CCN3C(=O)c2cc(F)c(F)c(F)c2)cc1C,2.7
CHEMBL4173253,O=S(=O)(CC1CC1)NCCOc1ccc2c(c1)[C@@H](Cc1ccccc1)[C@@H](N1CCC1)CC2,0.8
CHEMBL5424175,Brc1ccc2[nH]nc(C3=CCCNC3)c2c1,5.4
CHEMBL4516088,Cc1nc2sc(C(=O)c3ccccc3)c(N)c2c(C)c1Cl,0.83
CHEMBL5192253,COc1cc(OC)c(F)c(COc2cnc(Nc3cnn(CCO)c3)n[14cH]2)c1F,0.3466666666666667
CHEMBL396298,COc1cc2c(cc1OC)CN(CCc1ccc(NC(=O)c3cccc4c(=O)c5cccc(OC)c5[nH]c34)cc1)CC2,1.4221
CHEMBL3799685,CC(C)c1csc(NC(=O)C2c3ccccc3Oc3ccccc32)n1,1.01
CHEMBL5078961,Cc1cc(C)c2c(n1)sc1c(NC3CCC3)nccc12,10.4
CHEMBL3823885,Cn1cc2c(-c3cc(F)c(Cn4cnc5cnccc5c4=O)c(F)c3)cccc2n1,0.77
CHEMBL4165248,COc1ccc(-c2c(C)nn3c(C(F)(F)F)cc(C)nc23)cc1F,4.3
CHEMBL4436346,CC(C)(C)Cc1noc2cc(Nc3n[nH]c4nccnc34)ccc12,4.7
CHEMBL4645783,Cc1nc(OCC(=O)N(C)C2CCN(CC3CC3(F)F)CC2)nc(C)c1N.Cl,0.12
CHEMBL1201191,O=C(O)COCCN1CCN([C@H](c2ccccc2)c2ccc(Cl)cc2)CC1,0.13
CHEMBL4579005,CC(C)c1ccc(NC(=O)c2c(-c3cc(F)ccc3F)ccnc2N2CC[C@H](F)C2)cn1,0.2
CHEMBL3114970,Cn1cnc(S(=O)(=O)N2C[C@@H]3[C@H](C2)[C@@]3(CNC(=O)c2c(Cl)cccc2Cl)CC2CC2)c1,0.5
CHEMBL5179833,Cn1ccnc1SCC1CCN(S(=O)(=O)c2ccc3c(c2)CCO3)CC1,0.08
CHEMBL4130084,O=C(N[C@H]1CCOC[C@@H]1O)C1CN(Cc2ccc(-n3cccn3)cc2)c2ccccc2O1,0.08
CHEMBL4127777,O=C(NC1CCOCC1)C1CN(Cc2ccc(-n3cccn3)cc2)c2ccccc2O1,1.0
CHEMBL4160748,COc1ccc(-c2c(C)nn3c(C(F)(F)F)cc(C)nc23)c(F)c1F,2.4825
CHEMBL4463106,O=C(c1cc(-c2ccc(=O)[nH]c2)on1)N1CCC(Cc2ccc(F)cc2)CC1,0.5
CHEMBL4565738,Cc1nnc2sc(C(=O)c3ccncc3)c(N)c2c1C,0.83
CHEMBL4541942,Cc1ccc(OCc2cc3nc(C(N)=O)cc(-c4ccc(F)cc4)c3s2)cn1,7.99
CHEMBL972,C#CCN(C)[C@H](C)Cc1ccccc1,5.73
CHEMBL4583880,C[C@@H]1CN(c2ccc(Cl)c(F)c2)CCN1C(=O)C(=O)Nc1ccc2[nH]c(=O)oc2c1,0.99
CHEMBL4162197,COc1cnc(C(=O)Nc2ccc(F)c([C@@]3(C)N=C(N)CO[C@H]3C(F)F)c2)cn1,0.4
CHEMBL4216038,Cc1nnc2sc(C(=O)N3CC(C4CCCCC4)C3)c(N)c2c1C,8.46
CHEMBL4445506,Cc1nnc2ccc(C(=O)NC3CN(c4ncc(F)cc4Cl)C3)cc2c1C,0.12
CHEMBL4632555,Cc1c2cc(C(=O)NC3CN(c4cc(Cl)ncc4Cl)C3)ccc2nn1C,0.05
CHEMBL3937708,O=c1[nH]nc(Cc2ccc(Cl)cc2)cc1O,0.02
CHEMBL4634061,O=C1c2cc(C(F)(F)F)ccc2NC12CCN(CC1CCOCC1)CC2,38.2
CHEMBL4464831,C[C@@H]1CN(c2ccc(Cl)cc2)CCN1C(=O)C(=O)Nc1ccc2[nH]c(=O)oc2c1,0.95
CHEMBL4476495,COc1ccc(-c2nnc(-c3cc(OC(F)(F)F)ccc3-n3ccnc3)o2)cc1OC,4.9
CHEMBL3933713,Cc1ccc(CN2CCC(F)(F)[C@H](CCc3ccccc3)C2)cc1C,2.1
CHEMBL5188193,C[C@@]1(c2c[nH]c(=O)c(=O)[nH]2)COc2cc(Cl)ccc2S1,0.06
CHEMBL4442519,C[C@@H]1CN(C(=O)C(=O)Nc2ccc3[nH]c(=O)oc3c2)CCN1c1ccc(Cl)cc1,1.85
CHEMBL3915634,Cc1nnc2sc(C(=O)NCc3ccc(S(=O)(=O)C(F)(F)F)cc3)c(N)c2c1C,0.4133333333333333
CHEMBL4096589,O=C(C1CCN(c2cc(Oc3ccc(F)cc3F)ncn2)CC1)N1Cc2ccccc2C1,0.67
CHEMBL4445682,COc1cc(C(=O)Nc2cc(OC(F)(F)F)ccc2-n2cncn2)ccc1OCC1CC1,1.9966666666666664
CHEMBL5207640,COc1ccc(-c2nnc(-c3cc(Cl)ccc3-c3ccnn3C)o2)cc1OC,3.1
CHEMBL539928,C[C@H](NC(=O)[C@](Cc1c[nH]c2ccccc12)(CN(C)C)NC(=O)OCc1cc2ccccc2o1)c1ccccc1,6.0
CHEMBL5187721,Fc1cc(COC2CCN(Cc3ccc4[nH]cnc4c3)CC2)ccc1Cl,3.67
CHEMBL4636061,Cc1nc2ccc(C(=O)NC3CN(c4cc(Cl)ncc4Cl)C3)cn2c1C,0.1
CHEMBL4071900,Cc1noc(C)c1S(=O)(=O)N1CCN(c2ccc(N3CCCC(C)(C)C3)nn2)CC1,2.1
CHEMBL3933906,CC(C)c1cc(CNC(=O)c2ccc(Cl)c(OC3CCN(C)CC3)c2)on1,0.34
CHEMBL3974708,Cc1nnc2sc(C(=O)NCc3ccc(S(C)(=O)=O)cc3)c(N)c2c1C,0.04
CHEMBL716,OCCOCCN1CCN(C2=Nc3ccccc3Sc3ccccc32)CC1,8.5
CHEMBL4759031,Fc1c(I)cccc1Nc1ncnc2cc3c(cc12)OCCO3,1.03
CHEMBL3526580,Cc1nn(C[C@H](F)CN2C3CCC2CC(OCc2cccc(F)c2)C3)c(=O)n1C,5.3500000000000005
CHEMBL4160395,COc1cc(C(=O)Nc2cc(OC(F)(F)F)ccc2-n2cncn2)ccc1OC1CC1,5.8
CHEMBL4094573,O=C(C[C@]1(O)CC[C@@H](Cc2ccccc2)CC1)Nc1ccc2[nH]c(=O)oc2c1,0.25
CHEMBL4207861,Cc1cc(C)c2cc(C(=O)NC3CN(c4ccnc(F)c4F)C3)ccc2n1,0.17
CHEMBL5082904,Cc1cc(C)c2c(n1)sc1c(N3CCC3)ncnc12,6.49
CHEMBL4244643,C[C@H](Cc1ccc(OCc2cccc(Cl)c2)cc1)N(C)CC(=O)O,0.02
CHEMBL5071551,Cc1cc(C)c2c(n1)sc1c(NCc3ccc(S(C)(=O)=O)cc3)ncnc12,0.45
CHEMBL4640254,Cn1nnc2ccc3c(NC4CN(c5cc(Cl)ncc5Cl)C4)ncnc3c21,0.25
CHEMBL5083833,Cc1cc(C)c2c(n1)sc1c(C3CCN(C(=O)C4(C)CC4)CC3)ncnc12,0.54
CHEMBL4852400,C[C@@H]1CCN(c2nc(N3CCOCC3)cc(=O)[nH]2)[C@H]1Cc1ccccc1,1.0
CHEMBL4781616,CC(c1nccc2cc(Nc3n[nH]c4cccnc34)ccc12)C(F)(F)F,2.2
CHEMBL4633566,Cn1nccc1[C@H]1CCCC[C@@H]1Oc1cc(F)c(S(=O)(=O)Nc2ccncn2)cc1Cl,0.07
CHEMBL4578455,COc1ccc(C(=O)c2sc3nc(C)cc(C)c3c2N)cc1,0.83
CHEMBL4164496,Cc1cc(C(F)(F)F)n2nc(C)c(-c3ccc(OC(F)F)cc3)c2n1,1.5
CHEMBL5410949,CS(=O)(=O)c1ccc(Nc2ncnc3sc(C#N)cc23)cc1,0.24
CHEMBL4237601,Cn1ccc2c(Cc3ccc(-c4nccs4)cc3)cc(C(=O)N[C@@H]3CCOC[C@H]3O)nc21,0.21
CHEMBL5402331,CS(=O)(=O)c1ccc(Nc2ncnc3sc(C(F)(F)F)cc23)cc1,0.82
CHEMBL5196183,Cc1cn(C)c(SCC2CCN(S(=O)(=O)c3ccc4c(c3)CCO4)CC2)n1,0.07
CHEMBL4543522,Cc1nnc2sc(C(=O)c3ccccc3)c(N)c2c1C,0.83
CHEMBL4246570,CN(CC(=O)O)[C@H](CC#N)Cc1ccc(OCc2ccc(Cl)c(Cl)c2)cc1,0.0036666666666666
CHEMBL1341270,Cn1c2c(c(=O)n(C)c1=O)C(C(F)(F)F)(C(F)(F)F)NC(c1ccc(Cl)cc1)=N2,1.45
CHEMBL4476444,CCOc1cc(N2CC(n3c(=O)[nH]c4ccccc43)C2)ncc1Cl,0.36
CHEMBL4468770,Cn1cc2ccc(N3CCN(c4cncc5ccccc45)CC3)cc2n1,0.01
CHEMBL4094439,Cc1nnc2sc(C(=O)NCc3ccc(-c4ccnc(F)c4)cc3)c(N)c2c1C,0.21
CHEMBL3824114,Cn1cc2cc(-c3cc(F)c(Cn4c(=O)cnc5ncccc54)c(F)c3)ccc2n1,1.37
CHEMBL4065942,O[C@]1(Cc2cc(-c3cn[nH]c3)on2)CC[C@H](Cc2ccc(C(F)(F)F)cc2)CC1,2.66
CHEMBL4216742,CCN1Cc2cc(-c3c(C)nc4c(OCc5ccccc5C)cccn34)ccc2C1=O.Cl,0.72
CHEMBL3114788,Cn1cnc(S(=O)(=O)N2C[C@@H]3[C@H](C2)[C@@]3(CNC(=O)c2ccccc2Cl)CC2CC2)c1,0.4
CHEMBL4083081,Cc1nnc2sc(C(=O)NC3CN(c4ccc(C(F)(F)F)nc4)C3)c(N)c2c1C,0.12
CHEMBL4545456,CCN1CC2(C1)CN(c1ccc(Nc3ncc(F)c(-c4cnn5c4[C@H](C)CCCC5)n3)nc1)C2,2.9000000000000004
CHEMBL5428306,C[C@@H](Nc1cnc(-c2cncc(CC(F)(F)F)c2)cn1)c1ccc(F)cc1,3.8
CHEMBL3792731,Clc1ccc(CN2CCO[C@H](CSc3ccccc3)C2)cc1,5.03
CHEMBL4127602,O=C(N[C@H]1CCCC[C@@H]1O)C1CN(Cc2ccc(-n3cccn3)cc2)c2ccccc2O1,0.435
CHEMBL4749501,Fc1cccc(Nc2ncnc3cc4c(cc23)OCCO4)c1F,1.04
CHEMBL4483761,CCOc1cc(N2CCC3(CC2)C(=O)Nc2ccc(Br)cc23)nnc1C(F)(F)F,1.4
CHEMBL4531810,COc1ccc(N2CCN(C(=O)C(=O)Nc3ccc4[nH]c(=O)oc4c3)CC2)cc1F,3.17
CHEMBL4467975,Cc1c(COc2ncc(Cl)cn2)nnn1C1CCN(CC2CC2)CC1,1.3
CHEMBL4071560,Cc1nnc2sc(C(=O)NC3CN(c4cccnc4)C3)c(N)c2c1C,0.05
CHEMBL4638500,CCN1Cc2cc(-c3c(C)nc4c(OCc5ccccc5)cccn34)ccc2C1=O.Cl,0.72
CHEMBL4176971,COc1ccc(C(=O)Nc2cc(OC(F)(F)F)ccc2-n2cncn2)cc1OC,2.4425
CHEMBL5209198,CC(Sc1nccn1C)C1CCN(S(=O)(=O)c2ccc3c(c2)CCO3)CC1,0.22
CHEMBL4577985,Cc1nc2sc(C(=O)c3cccnc3)c(N)c2c(C)c1Cl,0.83
CHEMBL4524555,Cc1cc(C)c2c(N)c(C(=O)CCc3ccncc3)sc2n1,11.0
CHEMBL4740272,Cc1c(CF)nnc2sc(C(=O)NC3CN(c4ncc(C(F)(F)F)cn4)C3)c(N)c12,0.06
CHEMBL4454495,O=C(Nc1ccc2[nH]c(=O)oc2c1)C(=O)N1CCN(c2ccc(C(F)(F)F)cc2)CC1,2.99
CHEMBL4635170,COc1cc(N2CC(NC(=O)c3cn4c(C)c(C)nc4cn3)C2)c(Cl)cn1,1.08
CHEMBL3818665,COc1ccc(N2CCN(c3c(C)c(C)c4c(c3C)C(=O)C(C)(C)O4)CC2)cc1,3.4
CHEMBL4644048,CN(C(=O)COc1ccc(Cl)nn1)C1CCN(CC2CC2(F)F)CC1,0.92
CHEMBL4059831,CC[C@@H](NC(=O)c1cnn2cc(C)cnc12)c1ccc(OC(F)(F)F)cc1,2.75
CHEMBL4465534,C[C@]1(c2cc(NC(=O)c3cnc(OCF)cn3)ccc2F)N=C(N)SCC12CCS(=O)(=O)CC2,0.01
CHEMBL4165849,COc1cc(C(=O)Nc2cc(OC(F)(F)F)ccc2-n2cncn2)ccc1OC(C)C,4.4
CHEMBL4632962,Cc1c2c(N)c(C(=O)NC3CN(c4cc(Cl)ncc4Cl)C3)ccc2nn1C,0.12
CHEMBL4645181,CCNC(=O)c1ccc(-c2c(C)nc3c(OCc4cccc(-c5ccccc5)c4)cccn23)cn1.Cl,0.12
CHEMBL5171071,Cc1nc(NC(=O)c2cccc(-c3cnn(C)c3)n2)cc(N2CC[C@@H](C(C)(C)O)C2)n1,0.1
CHEMBL4449641,Clc1cnc(OCc2cn(C3CCN(CC4CC4)CC3)nn2)nc1,1.1
CHEMBL5178658,O=c1[nH]cc(CSc2ccc(C(F)(F)F)cc2)[nH]c1=O,0.12
CHEMBL4649459,Cc1nc2cnc(C(=O)NC3CN(c4cc(Cl)ncc4Cl)C3)cn2c1C,0.29
CHEMBL4130089,O=C(N[C@H]1CCCC[C@@H]1O)C1CN(Cc2ccc(-n3cccn3)cc2)c2cc(F)ccc2O1,0.3
CHEMBL5182935,Cn1cc(-c2cccc(C(=O)Nc3cc(N4CC[C@@H](C(C)(C)O)C4)cnc3C(F)(F)F)n2)cn1,0.4
CHEMBL4127668,O=C(Nc1ncccc1O)C1CN(Cc2ccc(-n3cccn3)cc2)c2ccccc2O1,0.11
CHEMBL3634342,C[C@]1(c2cc(NC(=O)c3ccc(C#N)cn3)ccc2F)N=C(N)CO[C@@H]1F,0.33
CHEMBL4531229,COc1ccc(CCC(=O)c2sc3nnc(C)c(C)c3c2N)cc1F,11.0
CHEMBL4161847,CCCOc1ccc(C(=O)Nc2cc(OC(F)(F)F)ccc2-n2cncn2)cc1OC,1.9
CHEMBL4240517,Cn1ccc(-c2ccc(Cc3cc(C(=O)N[C@@H]4CCCC[C@H]4O)nc4c3ccn4C)cn2)n1,0.28
CHEMBL4514671,COc1ccc(C(=O)c2sc3nnc(C)c(C)c3c2N)cc1,0.83
CHEMBL4440381,Cc1cc(-n2cc(C(=O)N3CCO[C@@H](C)C3)c3ccc(O[C@@H](C)c4ccc(F)cn4)nc32)n[nH]1,1.0183333333333335
CHEMBL5204869,Clc1ccc(Oc2ccc(Nc3ncnc4[nH]ccc34)cc2)cc1,2.65
CHEMBL4780059,Cc1c(C(F)F)nnc2sc(C(=O)NC3CN(c4ncc(C(F)(F)F)cn4)C3)c(N)c12,0.29
CHEMBL4070423,Cc1nnc2sc(C(=O)NC3CN(c4cncnc4)C3)c(N)c2c1C,0.05
CHEMBL4127356,O=C(N[C@H]1CCCC[C@@H]1O)C1CN(Cc2ccc(-n3cccn3)cc2)c2ccc(F)cc2O1,0.3
CHEMBL4086143,O=C1CC(c2c[nH]c3ccc(F)cc23)C(=O)N1,0.51
CHEMBL4172374,COc1ccc(-c2c(C)nn3c(C(F)(F)F)cc(C)nc23)cc1Cl,4.8
CHEMBL4745777,N#Cc1cnc2c(N3CCOCC3)cccc2c1N1CCN(c2ccccc2F)CC1,6.84
CHEMBL1581020,Cc1cc(C)c2c(N)c(C(=O)c3ccccc3)sc2n1,0.83
CHEMBL5194692,CCOc1ccc(F)cc1NC(=O)c1cc(C)ccc1NS(=O)(=O)C1CC1,0.57
CHEMBL4516136,Nc1c(C(=O)c2ccncc2)sc2nc(O)c3c(c12)CCCC3,0.83
CHEMBL4525501,Cc1cc(C)c2c(N)c(C(=O)c3ccc(O)cc3)sc2n1,0.83
CHEMBL4084404,COc1ccc2c(c1)CCN(C(=O)C1CCN(c3c(C#N)cnc4ccc(F)cc34)CC1)C2,1.26
CHEMBL1119,CNCC(c1ccc(OC)cc1)C1(O)CCCCC1,4.7
CHEMBL4126348,O=C(N[C@H]1CCC[C@@H]1O)C1CN(Cc2ccc(-n3cccn3)cc2)c2ccccc2O1,0.09
CHEMBL4168668,COc1cc(F)c(-c2c(C)nn3c(C(F)(F)F)cc(C)nc23)c(F)c1,2.2
CHEMBL4095693,COc1cccc(C2=NC(C(F)(F)F)(C(F)(F)F)c3c(n(-c4ccc(Cl)cc4)c(=O)[nH]c3=O)N2)c1,0.03
CHEMBL4593541,CC(C)(C)C(=O)N1CCN(c2cncc3ccccc23)CC1,0.4
CHEMBL5188831,O=S(=O)(c1ccc2c(c1)CCO2)N1CCC(CSc2nccs2)CC1,0.27
CHEMBL4437035,Cc1nnc2ccc(C(=O)NC3CN(c4cc(Cl)ncc4Cl)C3)cc2c1C,0.03
CHEMBL182066,O=C(Nc1ccc2nc(O)oc2c1)C(=O)N1CCC(Cc2ccc(F)cc2)CC1,1.0
CHEMBL4740237,Cn1nccc1-c1nccc2cc(Nc3n[nH]c4cccnc34)ccc12,1.6
CHEMBL5077997,Cc1cc(C)c2c(n1)sc1c(N3CC4(COC4)C3)ncnc12,4.47
CHEMBL4526884,O=C(Nc1ccc2[nH]c(=O)oc2c1)C(=O)N1CCN(c2ccc(Cl)c(F)c2)CC1,0.79
CHEMBL3942511,Cc1nnc2sc(C(=O)NCc3ccc(S(F)(F)(F)(F)F)cc3)c(N)c2c1C,1.2
CHEMBL4211252,Cc1nnc2sc(C(=O)N3CC(c4ccc(F)cc4)C3)c(N)c2c1C,2.3
CHEMBL4460020,O=C(Nc1ccc2[nH]c(=O)oc2c1)C(=O)N1CCN(c2ccc(F)c(F)c2)CC1,0.82
CHEMBL4634770,COc1cc(N2CC(Nc3ncnc4c3ccc3nn(C)c(C)c34)C2)c(Cl)cn1,1.55
CHEMBL5198797,Cc1nc(SCC2CCN(S(=O)(=O)c3ccc4c(c3)CCO4)CC2)n(C)c1C,0.22
CHEMBL4164219,CC(COc1ccn(-c2ccc(F)cc2)c(=O)c1)Oc1ccccc1,1.7
CHEMBL4527640,Cc1cc(C)c2c(N)c(C(=O)c3ccncc3)sc2n1,0.83
CHEMBL3933538,COc1ccc(CNC(=O)c2sc3nnc(C)c(C)c3c2N)cc1,0.28
CHEMBL3823424,Cn1cc2cc(-c3cc(F)c(CN4CCn5nccc5C4=O)c(F)c3)ccc2n1,0.55
CHEMBL4572957,Cc1cccc(-n2ccc(O[C@H](C)COc3ccccc3)cc2=O)c1,1.42
CHEMBL4639222,COc1cc(N2CC(NC(=O)c3ccc4nn(C)c(C)c4c3N)C2)c(Cl)cn1,0.18
CHEMBL4520127,O=C(c1nsc2cc(Nc3n[nH]c4cccnc34)ccc12)N1CCC(F)(F)CC1,0.14
CHEMBL4874640,O=c1cc(N2CCOCC2)cc(N2C[C@H]3C[C@H]3[C@@H]2Cc2ccccc2)[nH]1,0.23
CHEMBL4096143,O=C(C1CCN(c2cc(Oc3ccccc3F)ncn2)CC1)N1CCc2ccccc2C1,0.68
CHEMBL4797139,FC(F)(F)c1nccc2cc(Nc3n[nH]c4ncccc34)ccc12,1.2575
CHEMBL4130291,O=C(N[C@H]1CCCC[C@@H]1O)C1CN(Cc2ccc(-n3cccn3)cc2)c2cccc(F)c2O1,0.3
CHEMBL4086848,O=C(C[C@]1(O)CC[C@@H](Cc2ccc(F)cc2)CC1)Nc1ccc2[nH]c(=O)oc2c1,0.12
CHEMBL4098593,Cc1nnc2sc(C(=O)NC3CN(c4cnccn4)C3)c(N)c2c1C,0.05
CHEMBL4798497,COc1cc(N2CC(NC(=O)c3sc4nnc(Cl)c(C)c4c3N)C2)c(Cl)cn1,0.21
CHEMBL3808983,Cc1sc2ncnc(N3CCC(C(=O)N4CC[C@H](F)C4)CC3)c2c1C,0.17
CHEMBL3822763,Cn1cc2c(-c3cc(F)c(Cn4cnc5ccccc5c4=O)c(F)c3)cccc2n1,0.79
CHEMBL3809292,Cc1ccc2ncnc(N3CCC(Oc4ccc(C)nc4)CC3)c2c1,0.94
CHEMBL4440980,C[C@@H]1CCCCn2ncc(-c3nc(Nc4ccc(N5CCN(C)CC5)cn4)ncc3F)c21,6.233333333333333
CHEMBL4527834,C[C@@H]1CN(Cc2cc3nc(C(N)=O)cc(-c4ccc(F)cc4)c3s2)C[C@H](C)O1,5.67
CHEMBL4095807,COc1ccc(C[C@H]2CC[C@](O)(CC(=O)Nc3ccc4[nH]c(=O)oc4c3)CC2)cc1,0.11
CHEMBL4103672,O=C1CCc2cc(NC(=O)C[C@]3(O)CC[C@@H](Cc4ccccc4)CC3)ccc2N1,0.18
CHEMBL4463054,C[C@@H]1CN(C(=O)C(=O)Nc2ccc3[nH]c(=O)oc3c2)CCN1c1ccc(F)c(F)c1,1.89
CHEMBL4469418,CN(CC(=O)N1CCN(c2cncc3ccccc23)CC1)C(=O)c1cccs1,0.07
CHEMBL5202673,O=c1[nH]cc(CCc2ccc(Cl)cc2)[nH]c1=O,0.17
CHEMBL3823474,Cn1cc2c(-c3cc(F)c(CN4CCc5ncccc5C4=O)c(F)c3)cccc2n1,0.52
CHEMBL4066301,Cc1nnc2sc(C(=O)NC3CN(C(=O)c4ccncc4)C3)c(N)c2c1C,0.03
CHEMBL4442453,NC(=O)c1cc(-c2ccc(F)cc2)c2sc(COc3ccc(F)nc3)cc2n1,2.0
CHEMBL3794079,Cc1ccc(CN2CCO[C@H](CSc3ccccc3)C2)cc1C,5.73
