chembl_id,smiles,true_pkpuu,pred_pkpuu,error,num_atoms,mean_importance,max_importance
CHEMBL4514203,O[C@]1(C(F)(F)F)CCCC[C@H]1Nc1ccc(F)cc1,-1.7853298350107671,-1.7935328,0.00820303,19,-0.1804961,0.20421848
CHEMBL5075610,Cc1cc(C)c2c(n1)sc1c(N3CCCC3)nccc12,-1.569373909615046,-1.8388573,0.26948333,20,-0.18114665,-0.018721206
CHEMBL4514203,O[C@]1(C(F)(F)F)CCCC[C@H]1Nc1ccc(F)cc1,-1.5185139398778875,-1.7935328,0.27501893,19,-0.18049611,0.20421848
CHEMBL206132,COc1ccc2c(c1)[C@@]13CCCC[C@@H]1[C@@H](C2)N(C)CC3,-1.4456042032735976,-0.92055744,0.52504677,20,-0.14871965,0.16031085
CHEMBL3809076,Cc1ccc(OC2CCN(c3cc(C)nc4ccc(F)cc34)CC2)cn1,-1.260071387985075,0.0068077706,1.2668792,26,-0.05635349,0.08642383
CHEMBL4537447,Cn1cnc(-c2ccc(O[C@H]3CCN(C(=O)Cc4ccc(OC(F)(F)F)cc4)C[C@@H]3F)c(C(N)=O)c2)c1,2.744727494896694,1.6260874,1.1186402,37,0.005712974,0.1293062
CHEMBL4546545,Cc1ccc(CC(C)(C)NC[C@@H](O)CO[C@H](C)c2ccccc2-c2ccc(C(=O)O)c(C)c2)cc1F,2.744727494896694,2.5472193,0.19750834,36,0.031234303,0.31070787
CHEMBL2165627,O=C(O)C(=O)Nc1ccc(NC(=O)[C@H](CC2CCCC2)n2cnc(C(F)(F)F)c2)nc1,2.744727494896694,2.6429675,0.10176015,31,0.03587076,0.26055372
CHEMBL130213,O=C(O)c1nc2cc(Cl)c(Cl)cc2nc1O,2.744727494896694,3.0257304,0.28100276,16,0.09597501,0.6861526
CHEMBL4635883,CC(C)c1cc(Nc2nc(N3CCC[C@H](N)C3)ncc2C(N)=O)cc(C(C)C)n1,3.0,3.3127782,0.31277823,29,0.061176673,0.27498686
