CompoundID,SMILES,Kp,pKp
CHEMBL1112,O=C1CCc2ccc(OCCCCN3CCN(c4cccc(Cl)c4Cl)CC3)cc2N1,0.19,0.721246399047171
CHEMBL1112,O=C1CCc2ccc(OCCCCN3CCN(c4cccc(Cl)c4Cl)CC3)cc2N1,0.19,0.721246399047171
CHEMBL1112,O=C1CCc2ccc(OCCCCN3CCN(c4cccc(Cl)c4Cl)CC3)cc2N1,0.19,0.721246399047171
CHEMBL1112,O=C1CCc2ccc(OCCCCN3CCN(c4cccc(Cl)c4Cl)CC3)cc2N1,0.19,0.721246399047171
CHEMBL1112,O=C1CCc2ccc(OCCCCN3CCN(c4cccc(Cl)c4Cl)CC3)cc2N1,0.49,0.3098039199714863
CHEMBL1112,O=C1CCc2ccc(OCCCCN3CCN(c4cccc(Cl)c4Cl)CC3)cc2N1,0.49,0.3098039199714863
CHEMBL1112,O=C1CCc2ccc(OCCCCN3CCN(c4cccc(Cl)c4Cl)CC3)cc2N1,0.49,0.3098039199714863
CHEMBL1112,O=C1CCc2ccc(OCCCCN3CCN(c4cccc(Cl)c4Cl)CC3)cc2N1,0.49,0.3098039199714863
CHEMBL1112,O=C1CCc2ccc(OCCCCN3CCN(c4cccc(Cl)c4Cl)CC3)cc2N1,0.64,0.1938200260161128
CHEMBL1112,O=C1CCc2ccc(OCCCCN3CCN(c4cccc(Cl)c4Cl)CC3)cc2N1,0.64,0.1938200260161128
CHEMBL1112,O=C1CCc2ccc(OCCCCN3CCN(c4cccc(Cl)c4Cl)CC3)cc2N1,0.64,0.1938200260161128
CHEMBL1112,O=C1CCc2ccc(OCCCCN3CCN(c4cccc(Cl)c4Cl)CC3)cc2N1,0.64,0.1938200260161128
CHEMBL1112,O=C1CCc2ccc(OCCCCN3CCN(c4cccc(Cl)c4Cl)CC3)cc2N1,1.3,-0.11394335230683679
CHEMBL1112,O=C1CCc2ccc(OCCCCN3CCN(c4cccc(Cl)c4Cl)CC3)cc2N1,1.3,-0.11394335230683679
CHEMBL1112,O=C1CCc2ccc(OCCCCN3CCN(c4cccc(Cl)c4Cl)CC3)cc2N1,1.3,-0.11394335230683679
CHEMBL1112,O=C1CCc2ccc(OCCCCN3CCN(c4cccc(Cl)c4Cl)CC3)cc2N1,1.3,-0.11394335230683679
CHEMBL1118,CN(C)CC(c1ccc(O)cc1)C1(O)CCCCC1,1.0,-0.0
CHEMBL1118,CN(C)CC(c1ccc(O)cc1)C1(O)CCCCC1,1.0,-0.0
CHEMBL1118,CN(C)CC(c1ccc(O)cc1)C1(O)CCCCC1,1.0,-0.0
CHEMBL1118,CN(C)CC(c1ccc(O)cc1)C1(O)CCCCC1,1.0,-0.0
CHEMBL1118,CN(C)CC(c1ccc(O)cc1)C1(O)CCCCC1,1.8,-0.25527250510330607
CHEMBL1118,CN(C)CC(c1ccc(O)cc1)C1(O)CCCCC1,1.8,-0.25527250510330607
CHEMBL1118,CN(C)CC(c1ccc(O)cc1)C1(O)CCCCC1,1.8,-0.25527250510330607
CHEMBL1118,CN(C)CC(c1ccc(O)cc1)C1(O)CCCCC1,1.8,-0.25527250510330607
CHEMBL1118,CN(C)CC(c1ccc(O)cc1)C1(O)CCCCC1,3.3,-0.5185139398778874
CHEMBL1118,CN(C)CC(c1ccc(O)cc1)C1(O)CCCCC1,3.3,-0.5185139398778874
CHEMBL1118,CN(C)CC(c1ccc(O)cc1)C1(O)CCCCC1,3.3,-0.5185139398778874
CHEMBL1118,CN(C)CC(c1ccc(O)cc1)C1(O)CCCCC1,3.3,-0.5185139398778874
CHEMBL1118,CN(C)CC(c1ccc(O)cc1)C1(O)CCCCC1,5.7,-0.7558748556724915
CHEMBL1118,CN(C)CC(c1ccc(O)cc1)C1(O)CCCCC1,5.7,-0.7558748556724915
CHEMBL1118,CN(C)CC(c1ccc(O)cc1)C1(O)CCCCC1,5.7,-0.7558748556724915
CHEMBL1118,CN(C)CC(c1ccc(O)cc1)C1(O)CCCCC1,5.7,-0.7558748556724915
CHEMBL1119,CNCC(c1ccc(OC)cc1)C1(O)CCCCC1,1.4,-0.146128035678238
CHEMBL1119,CNCC(c1ccc(OC)cc1)C1(O)CCCCC1,1.4,-0.146128035678238
CHEMBL1119,CNCC(c1ccc(OC)cc1)C1(O)CCCCC1,1.4,-0.146128035678238
CHEMBL1119,CNCC(c1ccc(OC)cc1)C1(O)CCCCC1,1.4,-0.146128035678238
CHEMBL1119,CNCC(c1ccc(OC)cc1)C1(O)CCCCC1,1.5,-0.17609125905568124
CHEMBL1119,CNCC(c1ccc(OC)cc1)C1(O)CCCCC1,1.5,-0.17609125905568124
CHEMBL1119,CNCC(c1ccc(OC)cc1)C1(O)CCCCC1,1.5,-0.17609125905568124
CHEMBL1119,CNCC(c1ccc(OC)cc1)C1(O)CCCCC1,1.5,-0.17609125905568124
CHEMBL1119,CNCC(c1ccc(OC)cc1)C1(O)CCCCC1,7.0,-0.8450980400142568
CHEMBL1119,CNCC(c1ccc(OC)cc1)C1(O)CCCCC1,7.0,-0.8450980400142568
CHEMBL1119,CNCC(c1ccc(OC)cc1)C1(O)CCCCC1,7.0,-0.8450980400142568
CHEMBL1119,CNCC(c1ccc(OC)cc1)C1(O)CCCCC1,7.0,-0.8450980400142568
CHEMBL1119,CNCC(c1ccc(OC)cc1)C1(O)CCCCC1,8.9,-0.9493900066449128
CHEMBL1119,CNCC(c1ccc(OC)cc1)C1(O)CCCCC1,8.9,-0.9493900066449128
CHEMBL1119,CNCC(c1ccc(OC)cc1)C1(O)CCCCC1,8.9,-0.9493900066449128
CHEMBL1119,CNCC(c1ccc(OC)cc1)C1(O)CCCCC1,8.9,-0.9493900066449128
CHEMBL1200781,Br.CN(C)CCCC1(c2ccc(F)cc2)OCc2cc(C#N)ccc21,10.0,-1.0
CHEMBL1200781,Br.CN(C)CCCC1(c2ccc(F)cc2)OCc2cc(C#N)ccc21,10.0,-1.0
CHEMBL1200781,Br.CN(C)CCCC1(c2ccc(F)cc2)OCc2cc(C#N)ccc21,10.0,-1.0
CHEMBL1200781,Br.CN(C)CCCC1(c2ccc(F)cc2)OCc2cc(C#N)ccc21,10.0,-1.0
CHEMBL1200781,Br.CN(C)CCCC1(c2ccc(F)cc2)OCc2cc(C#N)ccc21,22.0,-1.3424226808222062
CHEMBL1200781,Br.CN(C)CCCC1(c2ccc(F)cc2)OCc2cc(C#N)ccc21,22.0,-1.3424226808222062
CHEMBL1200781,Br.CN(C)CCCC1(c2ccc(F)cc2)OCc2cc(C#N)ccc21,22.0,-1.3424226808222062
CHEMBL1200781,Br.CN(C)CCCC1(c2ccc(F)cc2)OCc2cc(C#N)ccc21,22.0,-1.3424226808222062
CHEMBL1200781,Br.CN(C)CCCC1(c2ccc(F)cc2)OCc2cc(C#N)ccc21,33.0,-1.5185139398778875
CHEMBL1200781,Br.CN(C)CCCC1(c2ccc(F)cc2)OCc2cc(C#N)ccc21,33.0,-1.5185139398778875
CHEMBL1200781,Br.CN(C)CCCC1(c2ccc(F)cc2)OCc2cc(C#N)ccc21,33.0,-1.5185139398778875
CHEMBL1200781,Br.CN(C)CCCC1(c2ccc(F)cc2)OCc2cc(C#N)ccc21,33.0,-1.5185139398778875
CHEMBL1200781,Br.CN(C)CCCC1(c2ccc(F)cc2)OCc2cc(C#N)ccc21,44.0,-1.6434526764861874
CHEMBL1200781,Br.CN(C)CCCC1(c2ccc(F)cc2)OCc2cc(C#N)ccc21,44.0,-1.6434526764861874
CHEMBL1200781,Br.CN(C)CCCC1(c2ccc(F)cc2)OCc2cc(C#N)ccc21,44.0,-1.6434526764861874
CHEMBL1200781,Br.CN(C)CCCC1(c2ccc(F)cc2)OCc2cc(C#N)ccc21,44.0,-1.6434526764861874
CHEMBL1201066,COc1ccc(C(CN(C)C)C2(O)CCCCC2)cc1.Cl,3.3,-0.5185139398778874
CHEMBL1201066,COc1ccc(C(CN(C)C)C2(O)CCCCC2)cc1.Cl,3.3,-0.5185139398778874
CHEMBL1201066,COc1ccc(C(CN(C)C)C2(O)CCCCC2)cc1.Cl,3.3,-0.5185139398778874
CHEMBL1201066,COc1ccc(C(CN(C)C)C2(O)CCCCC2)cc1.Cl,3.3,-0.5185139398778874
CHEMBL1201066,COc1ccc(C(CN(C)C)C2(O)CCCCC2)cc1.Cl,4.7,-0.6720978579357175
CHEMBL1201066,COc1ccc(C(CN(C)C)C2(O)CCCCC2)cc1.Cl,4.7,-0.6720978579357175
CHEMBL1201066,COc1ccc(C(CN(C)C)C2(O)CCCCC2)cc1.Cl,4.7,-0.6720978579357175
CHEMBL1201066,COc1ccc(C(CN(C)C)C2(O)CCCCC2)cc1.Cl,4.7,-0.6720978579357175
CHEMBL1201066,COc1ccc(C(CN(C)C)C2(O)CCCCC2)cc1.Cl,6.3,-0.7993405494535817
CHEMBL1201066,COc1ccc(C(CN(C)C)C2(O)CCCCC2)cc1.Cl,6.3,-0.7993405494535817
CHEMBL1201066,COc1ccc(C(CN(C)C)C2(O)CCCCC2)cc1.Cl,6.3,-0.7993405494535817
CHEMBL1201066,COc1ccc(C(CN(C)C)C2(O)CCCCC2)cc1.Cl,6.3,-0.7993405494535817
CHEMBL1201066,COc1ccc(C(CN(C)C)C2(O)CCCCC2)cc1.Cl,8.3,-0.919078092376074
CHEMBL1201066,COc1ccc(C(CN(C)C)C2(O)CCCCC2)cc1.Cl,8.3,-0.919078092376074
CHEMBL1201066,COc1ccc(C(CN(C)C)C2(O)CCCCC2)cc1.Cl,8.3,-0.919078092376074
CHEMBL1201066,COc1ccc(C(CN(C)C)C2(O)CCCCC2)cc1.Cl,8.3,-0.919078092376074
CHEMBL1201191,O=C(O)COCCN1CCN([C@H](c2ccccc2)c2ccc(Cl)cc2)CC1,0.04,1.3979400086720375
CHEMBL1201191,O=C(O)COCCN1CCN([C@H](c2ccccc2)c2ccc(Cl)cc2)CC1,0.04,1.3979400086720375
CHEMBL1201191,O=C(O)COCCN1CCN([C@H](c2ccccc2)c2ccc(Cl)cc2)CC1,0.22,0.6575773191777937
CHEMBL1201191,O=C(O)COCCN1CCN([C@H](c2ccccc2)c2ccc(Cl)cc2)CC1,0.22,0.6575773191777937
CHEMBL1330,CN1CC[C@]23c4c5ccc(O)c4O[C@H]2[C@@H](O[C@@H]2O[C@H](C(=O)O)[C@@H](O)[C@H](O)[C@H]2O)C=C[C@H]3[C@H]1C5,0.05,1.3010299956639813
CHEMBL1330,CN1CC[C@]23c4c5ccc(O)c4O[C@H]2[C@@H](O[C@@H]2O[C@H](C(=O)O)[C@@H](O)[C@H](O)[C@H]2O)C=C[C@H]3[C@H]1C5,0.05,1.3010299956639813
CHEMBL1334217,O=C(O)COCCN1CCN([C@@H](c2ccccc2)c2ccc(Cl)cc2)CC1,0.04,1.3979400086720375
CHEMBL1334217,O=C(O)COCCN1CCN([C@@H](c2ccccc2)c2ccc(Cl)cc2)CC1,0.04,1.3979400086720375
CHEMBL1334217,O=C(O)COCCN1CCN([C@@H](c2ccccc2)c2ccc(Cl)cc2)CC1,0.04,1.3979400086720375
CHEMBL1334217,O=C(O)COCCN1CCN([C@@H](c2ccccc2)c2ccc(Cl)cc2)CC1,0.22,0.6575773191777937
CHEMBL1334217,O=C(O)COCCN1CCN([C@@H](c2ccccc2)c2ccc(Cl)cc2)CC1,0.22,0.6575773191777937
CHEMBL1334217,O=C(O)COCCN1CCN([C@@H](c2ccccc2)c2ccc(Cl)cc2)CC1,0.22,0.6575773191777937
CHEMBL1341270,Cn1c2c(c(=O)n(C)c1=O)C(C(F)(F)F)(C(F)(F)F)NC(c1ccc(Cl)cc1)=N2,1.45,-0.16136800223497488
CHEMBL1527295,CCOC(=O)c1cnc2c(OC)cccc2c1N1CCN(c2ccccc2F)CC1,4.7,-0.6720978579357175
CHEMBL1581020,Cc1cc(C)c2c(N)c(C(=O)c3ccccc3)sc2n1,0.83,0.08092190762392612
CHEMBL182066,O=C(Nc1ccc2nc(O)oc2c1)C(=O)N1CCC(Cc2ccc(F)cc2)CC1,1.0,-0.0
CHEMBL182066,O=C(Nc1ccc2nc(O)oc2c1)C(=O)N1CCC(Cc2ccc(F)cc2)CC1,1.0,-0.0
CHEMBL1978713,COc1ccc(CNC(=O)c2sc3nc(C)cc(C)c3c2N)cc1,0.38,0.42021640338318983
CHEMBL2361777,COc1ccc(-c2c(C)nn3c(C(F)(F)F)cc(C)nc23)cc1,1.4,-0.146128035678238
CHEMBL2403769,C[C@@]1(c2cc(NC(=O)c3ccc(Cl)cn3)ccc2F)COCC(N)=N1,0.13,0.8860566476931632
CHEMBL2403769,C[C@@]1(c2cc(NC(=O)c3ccc(Cl)cn3)ccc2F)COCC(N)=N1,1.1,-0.04139268515822508
CHEMBL267014,Clc1ccc(N2CCN(Cc3c[nH]c4ncccc34)CC2)cc1,10.0,-1.0
CHEMBL267014,Clc1ccc(N2CCN(Cc3c[nH]c4ncccc34)CC2)cc1,10.0,-1.0
CHEMBL307488,C[C@H](NC(=O)[C@@](C)(Cc1c[nH]c2ccccc12)NC(=O)OCc1cc2ccccc2o1)c1ccccc1,0.4,0.3979400086720376
CHEMBL3114788,Cn1cnc(S(=O)(=O)N2C[C@@H]3[C@H](C2)[C@@]3(CNC(=O)c2ccccc2Cl)CC2CC2)c1,0.4,0.3979400086720376
CHEMBL3114789,Cn1cnc(S(=O)(=O)N2C[C@@H]3[C@H](C2)[C@@]3(CNC(=O)c2ccc(Cl)c(Cl)c2)CC2CC2)c1,0.3,0.5228787452803376
CHEMBL3114790,Cn1cnc(S(=O)(=O)N2C[C@@H]3[C@H](C2)[C@@]3(CNC(=O)c2cc(Cl)cc(Cl)c2)CC2CC2)c1,0.3,0.5228787452803376
CHEMBL3114791,Cn1cnc(S(=O)(=O)N2C[C@@H]3[C@H](C2)[C@@]3(CNC(=O)c2ccc(Cl)cc2)CC2CC2)c1,0.3,0.5228787452803376
CHEMBL3114967,Cn1cnc(S(=O)(=O)N2C[C@@H]3[C@H](C2)[C@@]3(CNC(=O)c2ccc(Cl)cc2Cl)c2ccccn2)c1,1.1,-0.04139268515822508
CHEMBL3114968,Cn1cnc(S(=O)(=O)N2C[C@@H]3[C@H](C2)[C@@]3(CNC(=O)c2ccccc2C(F)(F)F)c2ccccn2)c1,1.1,-0.04139268515822508
CHEMBL3114969,Cn1cnc(S(=O)(=O)N2C[C@@H]3[C@H](C2)[C@@]3(CNC(=O)c2ccc(Cl)cc2Cl)CC2CC2)c1,0.3,0.5228787452803376
CHEMBL3114970,Cn1cnc(S(=O)(=O)N2C[C@@H]3[C@H](C2)[C@@]3(CNC(=O)c2c(Cl)cccc2Cl)CC2CC2)c1,0.5,0.3010299956639812
CHEMBL3114971,Cn1cnc(S(=O)(=O)N2C[C@@H]3[C@H](C2)[C@@]3(CNC(=O)c2ccccc2C(F)(F)F)CC2CC2)c1,0.44,0.3565473235138126
CHEMBL3114971,Cn1cnc(S(=O)(=O)N2C[C@@H]3[C@H](C2)[C@@]3(CNC(=O)c2ccccc2C(F)(F)F)CC2CC2)c1,0.83,0.08092190762392612
CHEMBL3114972,Cn1cnc(S(=O)(=O)N2C[C@@H]3[C@H](C2)[C@@]3(CNC(=O)c2cccc(C(F)(F)F)c2)CC2CC2)c1,0.8,0.09691001300805639
CHEMBL3115389,CC(C)COc1cccc(CC(=O)N2CCNc3nc(C(F)(F)F)ccc3[C@H]2CC(=O)O)c1,0.043,1.3665315444204136
CHEMBL3115390,Cc1ccc(Oc2cccc(CC(=O)N3CCNc4nc(C(F)(F)F)ccc4[C@H]3CC(=O)O)c2)cn1,0.002,2.6989700043360187
CHEMBL3115395,O=C(Cc1cccc(Oc2ccccc2)c1)N1CCNc2nc(C(F)(F)F)ccc2C1,0.72,0.14266750356873156
CHEMBL3304438,COc1ccc(C(=O)NCc2cc(C(C)C)no2)cc1OC1CCN(C)CC1,0.18,0.744727494896694
CHEMBL3329755,CCN(Cc1ccccc1C(F)(F)F)C(=O)C1CCN(S(=O)(=O)c2ccc3[nH]ncc3c2)CC1,0.36,0.44369749923271273
CHEMBL3353290,COc1ccc([C@@]23c4ccccc4C(=O)N2CCN3C(=O)c2cc(F)c(F)c(F)c2)cc1C,2.7,-0.43136376415898736
CHEMBL3359272,CC(C)N1CCC[C@H]1CNC(=O)c1cn(C2CCCC2)c(=O)c2c1c1ccccc1n2C,2.7,-0.43136376415898736
CHEMBL3526580,Cc1nn(C[C@H](F)CN2C3CCC2CC(OCc2cccc(F)c2)C3)c(=O)n1C,2.4,-0.38021124171160603
CHEMBL3526580,Cc1nn(C[C@H](F)CN2C3CCC2CC(OCc2cccc(F)c2)C3)c(=O)n1C,8.3,-0.919078092376074
CHEMBL3542429,Cc1nc2n(c(=O)c1CCN1CCC(c3noc4cc(F)ccc34)CC1)CC(O)CC2,0.15,0.8239087409443188
CHEMBL3542429,Cc1nc2n(c(=O)c1CCN1CCC(c3noc4cc(F)ccc34)CC1)CC(O)CC2,0.15,0.8239087409443188
CHEMBL3542429,Cc1nc2n(c(=O)c1CCN1CCC(c3noc4cc(F)ccc34)CC1)CC(O)CC2,0.15,0.8239087409443188
CHEMBL3542429,Cc1nc2n(c(=O)c1CCN1CCC(c3noc4cc(F)ccc34)CC1)CC(O)CC2,0.15,0.8239087409443188
CHEMBL3542429,Cc1nc2n(c(=O)c1CCN1CCC(c3noc4cc(F)ccc34)CC1)CC(O)CC2,0.28,0.5528419686577808
CHEMBL3542429,Cc1nc2n(c(=O)c1CCN1CCC(c3noc4cc(F)ccc34)CC1)CC(O)CC2,0.28,0.5528419686577808
CHEMBL3542429,Cc1nc2n(c(=O)c1CCN1CCC(c3noc4cc(F)ccc34)CC1)CC(O)CC2,0.28,0.5528419686577808
CHEMBL3542429,Cc1nc2n(c(=O)c1CCN1CCC(c3noc4cc(F)ccc34)CC1)CC(O)CC2,0.28,0.5528419686577808
CHEMBL3542429,Cc1nc2n(c(=O)c1CCN1CCC(c3noc4cc(F)ccc34)CC1)CC(O)CC2,1.7,-0.2304489213782739
CHEMBL3542429,Cc1nc2n(c(=O)c1CCN1CCC(c3noc4cc(F)ccc34)CC1)CC(O)CC2,1.7,-0.2304489213782739
CHEMBL3542429,Cc1nc2n(c(=O)c1CCN1CCC(c3noc4cc(F)ccc34)CC1)CC(O)CC2,1.7,-0.2304489213782739
CHEMBL3542429,Cc1nc2n(c(=O)c1CCN1CCC(c3noc4cc(F)ccc34)CC1)CC(O)CC2,1.7,-0.2304489213782739
CHEMBL3542429,Cc1nc2n(c(=O)c1CCN1CCC(c3noc4cc(F)ccc34)CC1)CC(O)CC2,3.4,-0.5314789170422551
CHEMBL3542429,Cc1nc2n(c(=O)c1CCN1CCC(c3noc4cc(F)ccc34)CC1)CC(O)CC2,3.4,-0.5314789170422551
CHEMBL3542429,Cc1nc2n(c(=O)c1CCN1CCC(c3noc4cc(F)ccc34)CC1)CC(O)CC2,3.4,-0.5314789170422551
CHEMBL3542429,Cc1nc2n(c(=O)c1CCN1CCC(c3noc4cc(F)ccc34)CC1)CC(O)CC2,3.4,-0.5314789170422551
CHEMBL3634125,COc1cnc(C(=O)Nc2ccc(F)c([C@@]3(C)N=C(N)CO[C@@H]3F)c2)cn1,0.6,0.2218487496163564
CHEMBL3634125,COc1cnc(C(=O)Nc2ccc(F)c([C@@]3(C)N=C(N)CO[C@@H]3F)c2)cn1,0.65,0.18708664335714442
CHEMBL3634342,C[C@]1(c2cc(NC(=O)c3ccc(C#N)cn3)ccc2F)N=C(N)CO[C@@H]1F,0.33,0.4814860601221125
CHEMBL3643445,CCCS(=O)(=O)NCCOc1ccc2c(c1)C(C1(c3ccc(Cl)cc3)CCC1)NCC2,0.54,0.26760624017703144
CHEMBL3787247,CC1(C)CCC(Nc2ncnc3c2nn2ccccc32)CC1,3.3,-0.5185139398778874
CHEMBL3787247,CC1(C)CCC(Nc2ncnc3c2nn2ccccc32)CC1,3.3,-0.5185139398778874
CHEMBL3787247,CC1(C)CCC(Nc2ncnc3c2nn2ccccc32)CC1,5.3,-0.724275869600789
CHEMBL3787247,CC1(C)CCC(Nc2ncnc3c2nn2ccccc32)CC1,5.3,-0.724275869600789
CHEMBL3792637,Cn1ncc2cc(CN3CCO[C@H](COc4ccccc4)C3)ccc21,2.23,-0.34830486304816066
CHEMBL3792731,Clc1ccc(CN2CCO[C@H](CSc3ccccc3)C2)cc1,5.03,-0.7015679850559274
CHEMBL3793112,Clc1ccc(CN2CCO[C@H](COc3ccccc3)C2)cc1,4.62,-0.6646419755561255
CHEMBL3793137,Clc1ccc2c(CN3CCO[C@H](COc4ccccc4)C3)c[nH]c2c1,3.29,-0.5171958979499743
CHEMBL3793910,COc1ccc(CN2CCO[C@H](COc3ccccc3)C2)cc1F,7.38,-0.8680563618230416
CHEMBL3794079,Cc1ccc(CN2CCO[C@H](CSc3ccccc3)C2)cc1C,5.73,-0.75815462196739
CHEMBL3797793,N#Cc1csc(NC(=O)C2c3ccccc3Oc3ccccc32)n1,1.19,-0.07554696139253074
CHEMBL3798234,Nc1cccnc1C(=O)Nc1ccc(N2C(=O)c3ccccc3C2=O)c(Cl)c1,1.31,-0.11727129565576427
CHEMBL3798517,CCc1cnc(Oc2ccc(NC(=O)c3ncccc3N)cc2Cl)nc1,0.36,0.44369749923271273
CHEMBL3799685,CC(C)c1csc(NC(=O)C2c3ccccc3Oc3ccccc32)n1,1.01,-0.004321373782642578
CHEMBL3808442,Cc1ncc(OC2CCN(c3ncnc4sc(C)c(C)c34)CC2)cn1,1.77,-0.24797326636180664
CHEMBL3808485,Cc1ccc(OC2CCN(c3ncnc4ccc(F)cc34)CC2)cn1,1.16,-0.06445798922691845
CHEMBL3808485,Cc1ccc(OC2CCN(c3ncnc4ccc(F)cc34)CC2)cn1,1.16,-0.06445798922691845
CHEMBL3808485,Cc1ccc(OC2CCN(c3ncnc4ccc(F)cc34)CC2)cn1,11.1,-1.0453229787866574
CHEMBL3808485,Cc1ccc(OC2CCN(c3ncnc4ccc(F)cc34)CC2)cn1,11.1,-1.0453229787866574
CHEMBL3808906,CCCCN(c1ccc(C)nc1)C1CCN(c2ncnc3sc(C)c(C)c23)CC1,0.2,0.6989700043360187
CHEMBL3808947,CCCN(c1ccc(C)nc1)C1CCN(c2ncnc3sc(C)c(C)c23)CC1,0.2,0.6989700043360187
CHEMBL3808983,Cc1sc2ncnc(N3CCC(C(=O)N4CC[C@H](F)C4)CC3)c2c1C,0.17,0.769551078621726
CHEMBL3809076,Cc1ccc(OC2CCN(c3cc(C)nc4ccc(F)cc34)CC2)cn1,21.4,-1.3304137733491908
CHEMBL3809096,Cc1ccc(OC2CCN(c3ncnc4sc(C)c(C)c34)CC2)cn1,1.16,-0.06445798922691845
CHEMBL3809292,Cc1ccc2ncnc(N3CCC(Oc4ccc(C)nc4)CC3)c2c1,0.94,0.026872146400301365
CHEMBL3809603,Cc1sc2ncnc(N3CCC(C(=O)N4CCCC4)CC3)c2c1C,0.45,0.3467874862246563
CHEMBL3809693,Cc1sc2ncnc(N3CCC(Oc4ccc(F)nc4)CC3)c2c1C,2.8,-0.4471580313422192
CHEMBL3810071,Cc1ccc(OC2CCN(c3nc(C)nn4ccc(C)c34)CC2)cn1,1.42,-0.15228834438305647
CHEMBL3810183,Cc1sc2ncnc(N3CCC(Oc4ccc(Cl)nc4)CC3)c2c1C,2.56,-0.4082399653118496
CHEMBL3810300,Cc1sc2ncnc(N3CCC(Oc4ccc5c(c4)CCO5)CC3)c2c1C,1.25,-0.09691001300805642
CHEMBL3818665,COc1ccc(N2CCN(c3c(C)c(C)c4c(c3C)C(=O)C(C)(C)O4)CC2)cc1,3.4,-0.5314789170422551
CHEMBL3818676,COc1ccc(N2CCN(c3c(C)c(C)c4c(c3C)CC(C)(C)O4)CC2)cc1,2.9,-0.4623979978989561
CHEMBL3822763,Cn1cc2c(-c3cc(F)c(Cn4cnc5ccccc5c4=O)c(F)c3)cccc2n1,0.79,0.10237290870955855
CHEMBL3823059,Cn1cc2c(-c3cc(F)c(Cn4c(=O)cnc5ccccc54)c(F)c3)cccc2n1,2.16,-0.3344537511509309
CHEMBL3823130,Cn1cc(-c2ccc(CN3Cc4ncccc4C3=O)c(F)c2)cn1,0.3,0.5228787452803376
CHEMBL3823424,Cn1cc2cc(-c3cc(F)c(CN4CCn5nccc5C4=O)c(F)c3)ccc2n1,0.4,0.3979400086720376
CHEMBL3823424,Cn1cc2cc(-c3cc(F)c(CN4CCn5nccc5C4=O)c(F)c3)ccc2n1,0.7,0.1549019599857432
CHEMBL3823474,Cn1cc2c(-c3cc(F)c(CN4CCc5ncccc5C4=O)c(F)c3)cccc2n1,0.52,0.28399665636520083
CHEMBL3823781,O=c1c2ccncc2ncn1Cc1c(F)cc(-c2ccc3cnccc3c2)cc1F,2.7,-0.43136376415898736
CHEMBL3823781,O=c1c2ccncc2ncn1Cc1c(F)cc(-c2ccc3cnccc3c2)cc1F,3.1,-0.4913616938342727
CHEMBL3823885,Cn1cc2c(-c3cc(F)c(Cn4cnc5cnccc5c4=O)c(F)c3)cccc2n1,0.77,0.11350927482751812
CHEMBL3823999,Cn1cc2c(-c3cc(F)c(CN4C=CC5=NCCN5C4=O)c(F)c3)cccc2n1,0.35,0.4559319556497244
CHEMBL3824114,Cn1cc2cc(-c3cc(F)c(Cn4c(=O)cnc5ncccc54)c(F)c3)ccc2n1,1.1,-0.04139268515822508
CHEMBL3824114,Cn1cc2cc(-c3cc(F)c(Cn4c(=O)cnc5ncccc54)c(F)c3)ccc2n1,1.64,-0.21484384804769785
CHEMBL3896591,Cc1nnc2sc(C(=O)NCc3ccc(S(C)(=O)=O)c(F)c3)c(N)c2c1C,0.51,0.2924298239020636
CHEMBL3898022,Fc1ccccc1CC[C@@H]1CN(Cc2c[nH]c3cc(Cl)ccc23)CCC1(F)F,0.4,0.3979400086720376
CHEMBL3905761,Fc1ccc2c(CN3CCC(F)(F)[C@H](CCc4ccccc4)C3)c[nH]c2c1,3.5,-0.5440680443502757
CHEMBL3915634,Cc1nnc2sc(C(=O)NCc3ccc(S(=O)(=O)C(F)(F)F)cc3)c(N)c2c1C,0.11,0.958607314841775
CHEMBL3915634,Cc1nnc2sc(C(=O)NCc3ccc(S(=O)(=O)C(F)(F)F)cc3)c(N)c2c1C,0.11,0.958607314841775
CHEMBL3915634,Cc1nnc2sc(C(=O)NCc3ccc(S(=O)(=O)C(F)(F)F)cc3)c(N)c2c1C,0.49,0.3098039199714863
CHEMBL3915634,Cc1nnc2sc(C(=O)NCc3ccc(S(=O)(=O)C(F)(F)F)cc3)c(N)c2c1C,0.49,0.3098039199714863
CHEMBL3915634,Cc1nnc2sc(C(=O)NCc3ccc(S(=O)(=O)C(F)(F)F)cc3)c(N)c2c1C,0.64,0.1938200260161128
CHEMBL3915634,Cc1nnc2sc(C(=O)NCc3ccc(S(=O)(=O)C(F)(F)F)cc3)c(N)c2c1C,0.64,0.1938200260161128
CHEMBL3927068,Cc1cc(C#N)cnc1C(=O)Nc1ccc(F)c([C@@]2(C)N=C(N)[C@@](C)(F)CC2(F)F)c1,0.5,0.3010299956639812
CHEMBL3927068,Cc1cc(C#N)cnc1C(=O)Nc1ccc(F)c([C@@]2(C)N=C(N)[C@@](C)(F)CC2(F)F)c1,0.5,0.3010299956639812
CHEMBL3933538,COc1ccc(CNC(=O)c2sc3nnc(C)c(C)c3c2N)cc1,0.28,0.5528419686577808
CHEMBL3933713,Cc1ccc(CN2CCC(F)(F)[C@H](CCc3ccccc3)C2)cc1C,2.1,-0.3222192947339193
CHEMBL3933906,CC(C)c1cc(CNC(=O)c2ccc(Cl)c(OC3CCN(C)CC3)c2)on1,0.34,0.46852108295774486
CHEMBL3937708,O=c1[nH]nc(Cc2ccc(Cl)cc2)cc1O,0.02,1.6989700043360187
CHEMBL3942511,Cc1nnc2sc(C(=O)NCc3ccc(S(F)(F)(F)(F)F)cc3)c(N)c2c1C,1.0,-0.0
CHEMBL3942511,Cc1nnc2sc(C(=O)NCc3ccc(S(F)(F)(F)(F)F)cc3)c(N)c2c1C,1.0,-0.0
CHEMBL3942511,Cc1nnc2sc(C(=O)NCc3ccc(S(F)(F)(F)(F)F)cc3)c(N)c2c1C,1.4,-0.146128035678238
CHEMBL3942511,Cc1nnc2sc(C(=O)NCc3ccc(S(F)(F)(F)(F)F)cc3)c(N)c2c1C,1.4,-0.146128035678238
CHEMBL3944028,COc1ccc2c(CN3CCC(F)(F)[C@H](CCc4cccc(F)c4)C3)c[nH]c2c1,1.1,-0.04139268515822508
CHEMBL3952780,Fc1ccc(CC[C@@H]2CN(Cc3c[nH]c4cc(Cl)ccc34)CCC2(F)F)cc1,1.3,-0.11394335230683679
CHEMBL3955059,Cc1nnc2sc(C(=O)NCc3ccc(S(=O)(=O)C(C)(C)C)cc3)c(N)c2c1C,0.11,0.958607314841775
CHEMBL3961464,COc1ccc2c(CN3CCC(F)(F)[C@H](CCc4ccc(F)cc4)C3)c[nH]c2c1,3.3,-0.5185139398778874
CHEMBL396298,COc1cc2c(cc1OC)CN(CCc1ccc(NC(=O)c3cccc4c(=O)c5cccc(OC)c5[nH]c34)cc1)CC2,0.0784,1.1056839373155616
CHEMBL396298,COc1cc2c(cc1OC)CN(CCc1ccc(NC(=O)c3cccc4c(=O)c5cccc(OC)c5[nH]c34)cc1)CC2,0.48,0.3187587626244128
CHEMBL396298,COc1cc2c(cc1OC)CN(CCc1ccc(NC(=O)c3cccc4c(=O)c5cccc(OC)c5[nH]c34)cc1)CC2,0.82,0.08618614761628333
CHEMBL396298,COc1cc2c(cc1OC)CN(CCc1ccc(NC(=O)c3cccc4c(=O)c5cccc(OC)c5[nH]c34)cc1)CC2,4.31,-0.6344772701607315
CHEMBL3963788,Cc1nnc2sc(C(=O)NCc3ccc(S(=O)(=O)C(F)F)cc3)c(N)c2c1C,0.11,0.958607314841775
CHEMBL3963788,Cc1nnc2sc(C(=O)NCc3ccc(S(=O)(=O)C(F)F)cc3)c(N)c2c1C,0.11,0.958607314841775
CHEMBL3963788,Cc1nnc2sc(C(=O)NCc3ccc(S(=O)(=O)C(F)F)cc3)c(N)c2c1C,0.11,0.958607314841775
CHEMBL3963788,Cc1nnc2sc(C(=O)NCc3ccc(S(=O)(=O)C(F)F)cc3)c(N)c2c1C,0.11,0.958607314841775
CHEMBL3966208,Cc1nnc2sc(C(=O)NCc3ccc(S(=O)(=O)C(C)C)cc3)c(N)c2c1C,0.07,1.154901959985743
CHEMBL3972529,Fc1ccc(CC[C@@H]2CN(Cc3c[nH]c4cc(F)ccc34)CCC2(F)F)cc1,1.9,-0.2787536009528289
CHEMBL3974708,Cc1nnc2sc(C(=O)NCc3ccc(S(C)(=O)=O)cc3)c(N)c2c1C,0.04,1.3979400086720375
CHEMBL3982695,CSc1ccc(CNC(=O)c2sc3nnc(C)c(C)c3c2N)cc1,0.13,0.8860566476931632
CHEMBL3983700,Cc1nnc2sc(C(=O)NCc3ccc(S(=O)(=O)C4CC4)cc3)c(N)c2c1C,0.05,1.3010299956639813
CHEMBL3986846,Fc1ccc2c(CN3CCC(F)(F)[C@H](CCc4ccccc4F)C3)c[nH]c2c1,1.3,-0.11394335230683679
CHEMBL4059534,O=C(C[C@]1(O)CC[C@@H](Cc2ccc(F)c(F)c2)CC1)Nc1ccc2[nH]c(=O)oc2c1,0.14,0.8538719643217619
CHEMBL4059831,CC[C@@H](NC(=O)c1cnn2cc(C)cnc12)c1ccc(OC(F)(F)F)cc1,2.6,-0.414973347970818
CHEMBL4059831,CC[C@@H](NC(=O)c1cnn2cc(C)cnc12)c1ccc(OC(F)(F)F)cc1,2.9,-0.4623979978989561
CHEMBL4060475,Cc1nnc2sc(C(=O)NC3CN(c4ccccc4)C3)c(N)c2c1C,0.57,0.24412514432750865
CHEMBL4060569,COC[C@@H](NC(=O)N1CC(=O)Nc2cc(OC)cnc21)c1ccc(OC(F)(F)F)c(F)c1,0.91,0.040958607678906384
CHEMBL4060569,COC[C@@H](NC(=O)N1CC(=O)Nc2cc(OC)cnc21)c1ccc(OC(F)(F)F)c(F)c1,1.01,-0.004321373782642578
CHEMBL4062319,Cc1nnc2sc(C(=O)NC3CN(c4cccc(F)c4F)C3)c(N)c2c1C,0.77,0.11350927482751812
CHEMBL4062934,Cc1nnc2sc(C(=O)NC3CN(c4nc5cccnc5s4)C3)c(N)c2c1C,0.17,0.769551078621726
CHEMBL4065111,Cc1nnc2sc(C(=O)NCc3ccc(-c4cccnc4[18F])cc3)c(N)c2c1C,0.75,0.12493873660829995
CHEMBL4065330,O=c1ccc(-c2cc(C[C@]3(O)CC[C@@H](Cc4ccccc4)CC3)no2)c[nH]1,0.34,0.46852108295774486
CHEMBL4065942,O[C@]1(Cc2cc(-c3cn[nH]c3)on2)CC[C@H](Cc2ccc(C(F)(F)F)cc2)CC1,2.66,-0.424881636631067
CHEMBL4066301,Cc1nnc2sc(C(=O)NC3CN(C(=O)c4ccncc4)C3)c(N)c2c1C,0.03,1.5228787452803376
CHEMBL4067110,O=C(C[C@]1(O)CC[C@H](Cc2ccccc2)CC1)Nc1ccc2[nH]c(=O)oc2c1,0.9,0.045757490560675115
CHEMBL4070423,Cc1nnc2sc(C(=O)NC3CN(c4cncnc4)C3)c(N)c2c1C,0.05,1.3010299956639813
CHEMBL4070692,Cc1nnc2sc(C(=O)NCc3ccc(-c4ccncc4)cc3)c(N)c2c1C,0.94,0.026872146400301365
CHEMBL4071447,O=C(Nc1ccc(F)cn1)c1cc(Oc2cncc(F)c2)cn2cnnc12,1.7,-0.2304489213782739
CHEMBL4071560,Cc1nnc2sc(C(=O)NC3CN(c4cccnc4)C3)c(N)c2c1C,0.05,1.3010299956639813
CHEMBL4071900,Cc1noc(C)c1S(=O)(=O)N1CCN(c2ccc(N3CCCC(C)(C)C3)nn2)CC1,2.1,-0.3222192947339193
CHEMBL4074570,O[C@]1(Cc2cc(-c3cn[nH]c3)on2)CC[C@H](Cc2ccc(F)c(F)c2)CC1,1.99,-0.29885307640970665
CHEMBL4075391,N#Cc1cnc2ccc(F)cc2c1N1CCC(C(=O)Nc2ccc(S(N)(=O)=O)cc2)CC1,0.16,0.7958800173440752
CHEMBL4076130,O=C1Cc2cc(NC(=O)C[C@]3(O)CC[C@@H](Cc4ccccc4)CC3)ccc2N1,0.11,0.958607314841775
CHEMBL4076727,O[C@]1(Cc2cc(-c3cn[nH]c3)on2)CC[C@H](Cc2ccc(Cl)cc2)CC1,1.31,-0.11727129565576427
CHEMBL4077183,Cc1nnc2sc(C(=O)NC3CN(c4ccncn4)C3)c(N)c2c1C,0.05,1.3010299956639813
CHEMBL4077427,O=c1[nH]c2ccc(-c3cc(C[C@]4(O)CC[C@@H](Cc5ccccc5)CC4)no3)cc2o1,0.92,0.036212172654444715
CHEMBL4078903,O=c1ccc(-c2cc(C[C@]3(O)CC[C@@H](Cc4ccc(Cl)cc4)CC3)no2)c[nH]1,0.08,1.0969100130080565
CHEMBL4079193,Cn1c2c(c(=O)n(C)c1=O)C(C(F)(F)F)(C(F)(F)F)N=C(c1cccc([N+](=O)[O-])c1)N2,0.02,1.6989700043360187
CHEMBL4080878,Cc1ccc(OC2CCN(c3c(C#N)cnc4ccc(F)cc34)CC2)cn1,5.25,-0.7201593034059569
CHEMBL4083081,Cc1nnc2sc(C(=O)NC3CN(c4ccc(C(F)(F)F)nc4)C3)c(N)c2c1C,0.12,0.9208187539523752
CHEMBL4083327,COc1cncc(N2CC(NC(=O)c3sc4nnc(C)c(C)c4c3N)C2)c1,0.05,1.3010299956639813
CHEMBL4084306,COc1ccc(CNC(=O)C2CCN(c3c(C#N)cnc4ccc(F)cc34)CC2)cc1F,0.29,0.5376020021010439
CHEMBL4084404,COc1ccc2c(c1)CCN(C(=O)C1CCN(c3c(C#N)cnc4ccc(F)cc34)CC1)C2,1.26,-0.10037054511756291
CHEMBL4084983,O=C(C[C@]1(O)CC[C@@H](Cc2ccccc2)CC1)Nc1ccc2[nH]ncc2c1,0.9,0.045757490560675115
CHEMBL4085711,CCc1ccc(Oc2cc(N3CCC(C(=O)N4CCc5ccccc5C4)CC3)ncn2)cc1,1.45,-0.16136800223497488
CHEMBL4086143,O=C1CC(c2c[nH]c3ccc(F)cc23)C(=O)N1,0.51,0.2924298239020636
CHEMBL4086848,O=C(C[C@]1(O)CC[C@@H](Cc2ccc(F)cc2)CC1)Nc1ccc2[nH]c(=O)oc2c1,0.12,0.9208187539523752
CHEMBL4089114,O=C(Nc1ccc(F)cn1)c1cc(Oc2cncc(F)c2)cn2ncnc12,1.4,-0.146128035678238
CHEMBL4091437,O=C(C[C@]1(O)CC[C@@H](Cc2ccc(OC(F)(F)F)cc2)CC1)Nc1ccc2[nH]c(=O)oc2c1,0.15,0.8239087409443188
CHEMBL4091821,Cc1nnc2sc(C(=O)NCc3ccc(-c4cccnc4F)cc3)c(N)c2c1C,0.11,0.958607314841775
CHEMBL4091821,Cc1nnc2sc(C(=O)NCc3ccc(-c4cccnc4F)cc3)c(N)c2c1C,0.11,0.958607314841775
CHEMBL4091821,Cc1nnc2sc(C(=O)NCc3ccc(-c4cccnc4F)cc3)c(N)c2c1C,0.74,0.13076828026902382
CHEMBL4091821,Cc1nnc2sc(C(=O)NCc3ccc(-c4cccnc4F)cc3)c(N)c2c1C,0.74,0.13076828026902382
CHEMBL4093543,COc1ccc(C[C@H]2CC[C@](O)(Cc3cc(-c4cn[nH]c4)on3)CC2)cc1,1.64,-0.21484384804769785
CHEMBL4094439,Cc1nnc2sc(C(=O)NCc3ccc(-c4ccnc(F)c4)cc3)c(N)c2c1C,0.21,0.6777807052660807
CHEMBL4094573,O=C(C[C@]1(O)CC[C@@H](Cc2ccccc2)CC1)Nc1ccc2[nH]c(=O)oc2c1,0.25,0.6020599913279624
CHEMBL4095693,COc1cccc(C2=NC(C(F)(F)F)(C(F)(F)F)c3c(n(-c4ccc(Cl)cc4)c(=O)[nH]c3=O)N2)c1,0.03,1.5228787452803376
CHEMBL4095807,COc1ccc(C[C@H]2CC[C@](O)(CC(=O)Nc3ccc4[nH]c(=O)oc4c3)CC2)cc1,0.11,0.958607314841775
CHEMBL4096143,O=C(C1CCN(c2cc(Oc3ccccc3F)ncn2)CC1)N1CCc2ccccc2C1,0.68,0.16749108729376366
CHEMBL4096589,O=C(C1CCN(c2cc(Oc3ccc(F)cc3F)ncn2)CC1)N1Cc2ccccc2C1,0.67,0.17392519729917355
CHEMBL4098593,Cc1nnc2sc(C(=O)NC3CN(c4cnccn4)C3)c(N)c2c1C,0.05,1.3010299956639813
CHEMBL4098877,C[C@@H]1CN(c2cc(-c3n[nH]c4ccc(OC5(C)CC5)cc34)ncn2)C[C@H](C)O1,0.5,0.3010299956639812
CHEMBL4098877,C[C@@H]1CN(c2cc(-c3n[nH]c4ccc(OC5(C)CC5)cc34)ncn2)C[C@H](C)O1,0.5,0.3010299956639812
CHEMBL4098877,C[C@@H]1CN(c2cc(-c3n[nH]c4ccc(OC5(C)CC5)cc34)ncn2)C[C@H](C)O1,0.5,0.3010299956639812
CHEMBL4098877,C[C@@H]1CN(c2cc(-c3n[nH]c4ccc(OC5(C)CC5)cc34)ncn2)C[C@H](C)O1,0.5,0.3010299956639812
CHEMBL4098877,C[C@@H]1CN(c2cc(-c3n[nH]c4ccc(OC5(C)CC5)cc34)ncn2)C[C@H](C)O1,0.5,0.3010299956639812
CHEMBL4100398,CN1C(=O)[C@@H](N2CCc3c(nn(Cc4ccccc4)c3Cl)C2=O)COc2cc(C#N)ccc21,0.7,0.1549019599857432
CHEMBL4101281,O[C@]1(Cc2cc(-c3cn[nH]c3)on2)CC[C@H](Cc2ccc(OC(F)(F)F)cc2)CC1,2.51,-0.3996737214810381
CHEMBL4102040,Cc1nnc2sc(C(=O)NCc3ccc(-c4ccc(F)nc4)cc3)c(N)c2c1C,0.13,0.8860566476931632
CHEMBL4102419,O[C@]1(Cc2cc(-c3cn[nH]c3)on2)CC[C@H](Cc2ccccc2)CC1,1.44,-0.15836249209524964
CHEMBL4103182,O=c1ccc(-c2cc(C[C@]3(O)CC[C@H](Cc4ccc(Cl)cc4)CC3)no2)c[nH]1,0.47,0.3279021420642826
CHEMBL4103672,O=C1CCc2cc(NC(=O)C[C@]3(O)CC[C@@H](Cc4ccccc4)CC3)ccc2N1,0.18,0.744727494896694
CHEMBL4103723,O[C@]1(Cc2cc(-c3cn[nH]c3)on2)CC[C@H](Cc2ccc(F)cc2)CC1,1.62,-0.20951501454263097
CHEMBL4104737,O=C(C[C@]1(O)CC[C@H](Cc2ccc(F)cc2)CC1)Nc1ccc2[nH]c(=O)oc2c1,0.23,0.638272163982407
CHEMBL4126120,O=C(N[C@H]1CCCC[C@@H]1O)C1CN(Cc2ccc(-n3cccn3)cc2)c2c(F)cccc2O1,0.3,0.5228787452803376
CHEMBL4126348,O=C(N[C@H]1CCC[C@@H]1O)C1CN(Cc2ccc(-n3cccn3)cc2)c2ccccc2O1,0.09,1.0457574905606752
CHEMBL4127356,O=C(N[C@H]1CCCC[C@@H]1O)C1CN(Cc2ccc(-n3cccn3)cc2)c2ccc(F)cc2O1,0.3,0.5228787452803376
CHEMBL4127602,O=C(N[C@H]1CCCC[C@@H]1O)C1CN(Cc2ccc(-n3cccn3)cc2)c2ccccc2O1,0.17,0.769551078621726
CHEMBL4127602,O=C(N[C@H]1CCCC[C@@H]1O)C1CN(Cc2ccc(-n3cccn3)cc2)c2ccccc2O1,0.7,0.1549019599857432
CHEMBL4127668,O=C(Nc1ncccc1O)C1CN(Cc2ccc(-n3cccn3)cc2)c2ccccc2O1,0.11,0.958607314841775
CHEMBL4127777,O=C(NC1CCOCC1)C1CN(Cc2ccc(-n3cccn3)cc2)c2ccccc2O1,1.0,-0.0
CHEMBL4129395,O=C(NC1CCCCC1)C1CN(Cc2ccc(-n3cccn3)cc2)c2ccccc2O1,1.1,-0.04139268515822508
CHEMBL4130084,O=C(N[C@H]1CCOC[C@@H]1O)C1CN(Cc2ccc(-n3cccn3)cc2)c2ccccc2O1,0.08,1.0969100130080565
CHEMBL4130089,O=C(N[C@H]1CCCC[C@@H]1O)C1CN(Cc2ccc(-n3cccn3)cc2)c2cc(F)ccc2O1,0.3,0.5228787452803376
CHEMBL4130291,O=C(N[C@H]1CCCC[C@@H]1O)C1CN(Cc2ccc(-n3cccn3)cc2)c2cccc(F)c2O1,0.3,0.5228787452803376
CHEMBL4160395,COc1cc(C(=O)Nc2cc(OC(F)(F)F)ccc2-n2cncn2)ccc1OC1CC1,5.8,-0.7634279935629372
CHEMBL4160748,COc1ccc(-c2c(C)nn3c(C(F)(F)F)cc(C)nc23)c(F)c1F,1.1,-0.04139268515822508
CHEMBL4160748,COc1ccc(-c2c(C)nn3c(C(F)(F)F)cc(C)nc23)c(F)c1F,2.1,-0.3222192947339193
CHEMBL4160748,COc1ccc(-c2c(C)nn3c(C(F)(F)F)cc(C)nc23)c(F)c1F,2.43,-0.38560627359831223
CHEMBL4160748,COc1ccc(-c2c(C)nn3c(C(F)(F)F)cc(C)nc23)c(F)c1F,4.3,-0.6334684555795865
CHEMBL4161847,CCCOc1ccc(C(=O)Nc2cc(OC(F)(F)F)ccc2-n2cncn2)cc1OC,1.9,-0.2787536009528289
CHEMBL4162197,COc1cnc(C(=O)Nc2ccc(F)c([C@@]3(C)N=C(N)CO[C@H]3C(F)F)c2)cn1,0.4,0.3979400086720376
CHEMBL4164219,CC(COc1ccn(-c2ccc(F)cc2)c(=O)c1)Oc1ccccc1,1.7,-0.2304489213782739
CHEMBL4164496,Cc1cc(C(F)(F)F)n2nc(C)c(-c3ccc(OC(F)F)cc3)c2n1,1.5,-0.17609125905568124
CHEMBL4165248,COc1ccc(-c2c(C)nn3c(C(F)(F)F)cc(C)nc23)cc1F,4.3,-0.6334684555795865
CHEMBL4165629,COc1cnc(C(=O)Nc2ccc(F)c([C@@]3(C)N=C(N)CO[C@H]3C(F)(F)F)c2)cn1,1.81,-0.2576785748691845
CHEMBL4165849,COc1cc(C(=O)Nc2cc(OC(F)(F)F)ccc2-n2cncn2)ccc1OC(C)C,4.4,-0.6434526764861874
CHEMBL4168094,Cn1ccc(COc2cnc(C(N)=O)cc2-c2ccc(F)cc2)n1,1.9,-0.2787536009528289
CHEMBL4168668,COc1cc(F)c(-c2c(C)nn3c(C(F)(F)F)cc(C)nc23)c(F)c1,2.2,-0.3424226808222063
CHEMBL4169114,CCOc1ccc(C(=O)Nc2cc(OC(F)(F)F)ccc2-n2cncn2)cc1OC,3.5,-0.5440680443502757
CHEMBL4170106,COc1cnc(C(=O)Nc2ccc(F)c([C@@]3(C)N=C(N)COC3=C(F)F)c2)cn1,0.97,0.01322826573375516
CHEMBL4172016,COc1cc(F)c(-c2c(C)nn3c(C(F)(F)F)cc(C)nc23)cc1F,2.7,-0.43136376415898736
CHEMBL4172374,COc1ccc(-c2c(C)nn3c(C(F)(F)F)cc(C)nc23)cc1Cl,4.8,-0.6812412373755872
CHEMBL4172540,C[C@@H](COc1ccn(-c2ccc(F)cc2)c(=O)c1)Oc1ccccc1,1.15,-0.06069784035361165
CHEMBL4172540,C[C@@H](COc1ccn(-c2ccc(F)cc2)c(=O)c1)Oc1ccccc1,1.15,-0.06069784035361165
CHEMBL4172540,C[C@@H](COc1ccn(-c2ccc(F)cc2)c(=O)c1)Oc1ccccc1,1.15,-0.06069784035361165
CHEMBL4172540,C[C@@H](COc1ccn(-c2ccc(F)cc2)c(=O)c1)Oc1ccccc1,1.17,-0.06818586174616162
CHEMBL4172540,C[C@@H](COc1ccn(-c2ccc(F)cc2)c(=O)c1)Oc1ccccc1,1.17,-0.06818586174616162
CHEMBL4172540,C[C@@H](COc1ccn(-c2ccc(F)cc2)c(=O)c1)Oc1ccccc1,1.17,-0.06818586174616162
CHEMBL4172540,C[C@@H](COc1ccn(-c2ccc(F)cc2)c(=O)c1)Oc1ccccc1,1.2,-0.07918124604762482
CHEMBL4172540,C[C@@H](COc1ccn(-c2ccc(F)cc2)c(=O)c1)Oc1ccccc1,1.2,-0.07918124604762482
CHEMBL4172540,C[C@@H](COc1ccn(-c2ccc(F)cc2)c(=O)c1)Oc1ccccc1,1.2,-0.07918124604762482
CHEMBL4173253,O=S(=O)(CC1CC1)NCCOc1ccc2c(c1)[C@@H](Cc1ccccc1)[C@@H](N1CCC1)CC2,0.8,0.09691001300805639
CHEMBL4175868,COc1ccc(-c2c(C)nn3c(C(F)(F)F)cc(C)nc23)c(F)c1,1.4,-0.146128035678238
CHEMBL4176494,CCCS(=O)(=O)NCCOc1ccc2c(c1)[C@@H](Cc1ccc(Cl)c(Cl)c1)[C@@H](N)CC2,0.05,1.3010299956639813
CHEMBL4176971,COc1ccc(C(=O)Nc2cc(OC(F)(F)F)ccc2-n2cncn2)cc1OC,2.0,-0.3010299956639812
CHEMBL4176971,COc1ccc(C(=O)Nc2cc(OC(F)(F)F)ccc2-n2cncn2)cc1OC,2.0,-0.3010299956639812
CHEMBL4176971,COc1ccc(C(=O)Nc2cc(OC(F)(F)F)ccc2-n2cncn2)cc1OC,2.0,-0.3010299956639812
CHEMBL4176971,COc1ccc(C(=O)Nc2cc(OC(F)(F)F)ccc2-n2cncn2)cc1OC,2.0,-0.3010299956639812
CHEMBL4176971,COc1ccc(C(=O)Nc2cc(OC(F)(F)F)ccc2-n2cncn2)cc1OC,2.01,-0.30319605742048883
CHEMBL4176971,COc1ccc(C(=O)Nc2cc(OC(F)(F)F)ccc2-n2cncn2)cc1OC,2.01,-0.30319605742048883
CHEMBL4176971,COc1ccc(C(=O)Nc2cc(OC(F)(F)F)ccc2-n2cncn2)cc1OC,2.01,-0.30319605742048883
CHEMBL4176971,COc1ccc(C(=O)Nc2cc(OC(F)(F)F)ccc2-n2cncn2)cc1OC,2.01,-0.30319605742048883
CHEMBL4176971,COc1ccc(C(=O)Nc2cc(OC(F)(F)F)ccc2-n2cncn2)cc1OC,2.36,-0.37291200297010657
CHEMBL4176971,COc1ccc(C(=O)Nc2cc(OC(F)(F)F)ccc2-n2cncn2)cc1OC,2.36,-0.37291200297010657
CHEMBL4176971,COc1ccc(C(=O)Nc2cc(OC(F)(F)F)ccc2-n2cncn2)cc1OC,2.36,-0.37291200297010657
CHEMBL4176971,COc1ccc(C(=O)Nc2cc(OC(F)(F)F)ccc2-n2cncn2)cc1OC,2.36,-0.37291200297010657
CHEMBL4176971,COc1ccc(C(=O)Nc2cc(OC(F)(F)F)ccc2-n2cncn2)cc1OC,3.4,-0.5314789170422551
CHEMBL4176971,COc1ccc(C(=O)Nc2cc(OC(F)(F)F)ccc2-n2cncn2)cc1OC,3.4,-0.5314789170422551
CHEMBL4176971,COc1ccc(C(=O)Nc2cc(OC(F)(F)F)ccc2-n2cncn2)cc1OC,3.4,-0.5314789170422551
CHEMBL4176971,COc1ccc(C(=O)Nc2cc(OC(F)(F)F)ccc2-n2cncn2)cc1OC,3.4,-0.5314789170422551
CHEMBL42,CN1CCN(C2=Nc3cc(Cl)ccc3Nc3ccccc32)CC1,8.5,-0.9294189257142927
CHEMBL4203977,Cc1cc(C)c2cc(C(=O)NC3CN(c4ccc(C(F)(F)F)nc4)C3)ccc2n1,0.05,1.3010299956639813
CHEMBL4206946,COc1cc(N2CC(NC(=O)c3ccc4nc(C)cc(C)c4c3)C2)c(Cl)cn1,0.84,0.07572071393811836
CHEMBL4207861,Cc1cc(C)c2cc(C(=O)NC3CN(c4ccnc(F)c4F)C3)ccc2n1,0.17,0.769551078621726
CHEMBL4208114,CCN1CCc2ccc(-n3cc(C(=O)N4CCC(F)CC4)c4cc(OC)c(OC)cc4c3=O)cc21,0.13,0.8860566476931632
CHEMBL4209239,CCCC(=O)N1CCC(c2c(C)nc3c(OCc4ccccc4C)cccn23)CC1.Cl,1.0,-0.0
CHEMBL4211076,Cc1nnc2sc(C(=O)N3CC(c4ccccc4)C3)c(N)c2c1C,2.6,-0.414973347970818
CHEMBL4211252,Cc1nnc2sc(C(=O)N3CC(c4ccc(F)cc4)C3)c(N)c2c1C,2.3,-0.36172783601759284
CHEMBL4214738,Cc1cc(C)c2cc(C(=O)NC3CN(c4cc(Cl)ncc4Cl)C3)ccc2n1,0.1,1.0
CHEMBL4216038,Cc1nnc2sc(C(=O)N3CC(C4CCCCC4)C3)c(N)c2c1C,8.46,-0.9273703630390235
CHEMBL4216213,Cc1nnc2sc(C(=O)N3CC(c4cccc(F)c4)C3)c(N)c2c1C,2.1,-0.3222192947339193
CHEMBL4216263,CCn1cncc1-c1c[nH]c2ccc(I)cc12,6.34,-0.8020892578817327
CHEMBL4216742,CCN1Cc2cc(-c3c(C)nc4c(OCc5ccccc5C)cccn34)ccc2C1=O.Cl,0.72,0.14266750356873156
CHEMBL4216742,CCN1Cc2cc(-c3c(C)nc4c(OCc5ccccc5C)cccn34)ccc2C1=O.Cl,0.72,0.14266750356873156
CHEMBL4237601,Cn1ccc2c(Cc3ccc(-c4nccs4)cc3)cc(C(=O)N[C@@H]3CCOC[C@H]3O)nc21,0.21,0.6777807052660807
CHEMBL4237601,Cn1ccc2c(Cc3ccc(-c4nccs4)cc3)cc(C(=O)N[C@@H]3CCOC[C@H]3O)nc21,0.21,0.6777807052660807
CHEMBL4238059,Cn1cc(-c2ccc(Cc3cc(C(=O)NC4CCOCC4)nc4c3ccn4C)cn2)cn1,0.16,0.7958800173440752
CHEMBL4238059,Cn1cc(-c2ccc(Cc3cc(C(=O)NC4CCOCC4)nc4c3ccn4C)cn2)cn1,0.16,0.7958800173440752
CHEMBL4238059,Cn1cc(-c2ccc(Cc3cc(C(=O)NC4CCOCC4)nc4c3ccn4C)cn2)cn1,0.28,0.5528419686577808
CHEMBL4238059,Cn1cc(-c2ccc(Cc3cc(C(=O)NC4CCOCC4)nc4c3ccn4C)cn2)cn1,0.28,0.5528419686577808
CHEMBL4239430,Cn1nc(C2CC2)c2ccc(Nc3n[nH]c4cccnc34)cc21,1.04,-0.01703333929878037
CHEMBL4239660,C[C@H](Cc1ccc(OCc2ccc(Cl)c(Cl)c2)cc1)N(C)CC(=O)O,0.09,1.0457574905606752
CHEMBL4240041,Cn1cc(-c2ccc(Cc3cc(C(=O)N[C@@H]4CCCC[C@H]4O)nc4c3ccn4C)cn2)cn1,0.03,1.5228787452803376
CHEMBL4240041,Cn1cc(-c2ccc(Cc3cc(C(=O)N[C@@H]4CCCC[C@H]4O)nc4c3ccn4C)cn2)cn1,0.03,1.5228787452803376
CHEMBL4240517,Cn1ccc(-c2ccc(Cc3cc(C(=O)N[C@@H]4CCCC[C@H]4O)nc4c3ccn4C)cn2)n1,0.28,0.5528419686577808
CHEMBL4240517,Cn1ccc(-c2ccc(Cc3cc(C(=O)N[C@@H]4CCCC[C@H]4O)nc4c3ccn4C)cn2)n1,0.28,0.5528419686577808
CHEMBL4244643,C[C@H](Cc1ccc(OCc2cccc(Cl)c2)cc1)N(C)CC(=O)O,0.02,1.6989700043360187
CHEMBL4246570,CN(CC(=O)O)[C@H](CC#N)Cc1ccc(OCc2ccc(Cl)c(Cl)c2)cc1,0.002,2.6989700043360187
CHEMBL4246570,CN(CC(=O)O)[C@H](CC#N)Cc1ccc(OCc2ccc(Cl)c(Cl)c2)cc1,0.004,2.3979400086720375
CHEMBL4246570,CN(CC(=O)O)[C@H](CC#N)Cc1ccc(OCc2ccc(Cl)c(Cl)c2)cc1,0.005,2.3010299956639813
CHEMBL4248057,Cn1ccc(-c2ccc(Cc3cc(C(=O)N[C@@H]4CCOC[C@H]4O)nc4c3ccn4C)cc2)n1,0.09,1.0457574905606752
CHEMBL4248057,Cn1ccc(-c2ccc(Cc3cc(C(=O)N[C@@H]4CCOC[C@H]4O)nc4c3ccn4C)cc2)n1,0.09,1.0457574905606752
CHEMBL4248057,Cn1ccc(-c2ccc(Cc3cc(C(=O)N[C@@H]4CCOC[C@H]4O)nc4c3ccn4C)cc2)n1,0.11,0.958607314841775
CHEMBL4248057,Cn1ccc(-c2ccc(Cc3cc(C(=O)N[C@@H]4CCOC[C@H]4O)nc4c3ccn4C)cc2)n1,0.11,0.958607314841775
CHEMBL4249189,C[C@H](Cc1ccc(OCc2ccc(Br)c(Cl)c2)cc1)N(C)CC(=O)O,0.11,0.958607314841775
CHEMBL4249189,C[C@H](Cc1ccc(OCc2ccc(Br)c(Cl)c2)cc1)N(C)CC(=O)O,0.12,0.9208187539523752
CHEMBL4249189,C[C@H](Cc1ccc(OCc2ccc(Br)c(Cl)c2)cc1)N(C)CC(=O)O,0.19,0.721246399047171
CHEMBL4435364,O=C(c1cc(-c2ccc(=O)[nH]c2)on1)N1CCC(Cc2ccccc2)CC1,0.37,0.431798275933005
CHEMBL4435396,NC(=O)c1cc(-c2ccc(F)cc2)n2nc(COc3ccnc(C(F)(F)F)c3)cc2n1,4.04,-0.6063813651106049
CHEMBL4435714,CCOc1cc(N2CCC3(CC2)C(=O)Nc2ccc(Br)cc23)nnc1Cl,0.37,0.431798275933005
CHEMBL4436022,Cc1nnc2ccc(C(=O)NC3CN(c4ncc(Cl)cc4F)C3)cc2c1C,0.03,1.5228787452803376
CHEMBL4436346,CC(C)(C)Cc1noc2cc(Nc3n[nH]c4nccnc34)ccc12,4.7,-0.6720978579357175
CHEMBL4437035,Cc1nnc2ccc(C(=O)NC3CN(c4cc(Cl)ncc4Cl)C3)cc2c1C,0.03,1.5228787452803376
CHEMBL4440381,Cc1cc(-n2cc(C(=O)N3CCO[C@@H](C)C3)c3ccc(O[C@@H](C)c4ccc(F)cn4)nc32)n[nH]1,0.515,0.28819277095880896
CHEMBL4440381,Cc1cc(-n2cc(C(=O)N3CCO[C@@H](C)C3)c3ccc(O[C@@H](C)c4ccc(F)cn4)nc32)n[nH]1,0.515,0.28819277095880896
CHEMBL4440381,Cc1cc(-n2cc(C(=O)N3CCO[C@@H](C)C3)c3ccc(O[C@@H](C)c4ccc(F)cn4)nc32)n[nH]1,0.515,0.28819277095880896
CHEMBL4440381,Cc1cc(-n2cc(C(=O)N3CCO[C@@H](C)C3)c3ccc(O[C@@H](C)c4ccc(F)cn4)nc32)n[nH]1,1.26,-0.10037054511756291
CHEMBL4440381,Cc1cc(-n2cc(C(=O)N3CCO[C@@H](C)C3)c3ccc(O[C@@H](C)c4ccc(F)cn4)nc32)n[nH]1,1.26,-0.10037054511756291
CHEMBL4440381,Cc1cc(-n2cc(C(=O)N3CCO[C@@H](C)C3)c3ccc(O[C@@H](C)c4ccc(F)cn4)nc32)n[nH]1,1.26,-0.10037054511756291
CHEMBL4440381,Cc1cc(-n2cc(C(=O)N3CCO[C@@H](C)C3)c3ccc(O[C@@H](C)c4ccc(F)cn4)nc32)n[nH]1,1.28,-0.10720996964786837
CHEMBL4440381,Cc1cc(-n2cc(C(=O)N3CCO[C@@H](C)C3)c3ccc(O[C@@H](C)c4ccc(F)cn4)nc32)n[nH]1,1.28,-0.10720996964786837
CHEMBL4440381,Cc1cc(-n2cc(C(=O)N3CCO[C@@H](C)C3)c3ccc(O[C@@H](C)c4ccc(F)cn4)nc32)n[nH]1,1.28,-0.10720996964786837
CHEMBL4440980,C[C@@H]1CCCCn2ncc(-c3nc(Nc4ccc(N5CCN(C)CC5)cn4)ncc3F)c21,5.2,-0.7160033436347992
CHEMBL4440980,C[C@@H]1CCCCn2ncc(-c3nc(Nc4ccc(N5CCN(C)CC5)cn4)ncc3F)c21,5.2,-0.7160033436347992
CHEMBL4440980,C[C@@H]1CCCCn2ncc(-c3nc(Nc4ccc(N5CCN(C)CC5)cn4)ncc3F)c21,5.2,-0.7160033436347992
CHEMBL4440980,C[C@@H]1CCCCn2ncc(-c3nc(Nc4ccc(N5CCN(C)CC5)cn4)ncc3F)c21,6.0,-0.7781512503836436
CHEMBL4440980,C[C@@H]1CCCCn2ncc(-c3nc(Nc4ccc(N5CCN(C)CC5)cn4)ncc3F)c21,6.0,-0.7781512503836436
CHEMBL4440980,C[C@@H]1CCCCn2ncc(-c3nc(Nc4ccc(N5CCN(C)CC5)cn4)ncc3F)c21,6.0,-0.7781512503836436
CHEMBL4440980,C[C@@H]1CCCCn2ncc(-c3nc(Nc4ccc(N5CCN(C)CC5)cn4)ncc3F)c21,7.5,-0.8750612633917001
CHEMBL4440980,C[C@@H]1CCCCn2ncc(-c3nc(Nc4ccc(N5CCN(C)CC5)cn4)ncc3F)c21,7.5,-0.8750612633917001
CHEMBL4440980,C[C@@H]1CCCCn2ncc(-c3nc(Nc4ccc(N5CCN(C)CC5)cn4)ncc3F)c21,7.5,-0.8750612633917001
CHEMBL4441595,C[C@@H]1CN(Cc2ccc3c(c2)c(=O)c(C(N)=O)cn3-c2ccc(F)cc2)C[C@H](C)O1,0.3,0.5228787452803376
CHEMBL4442453,NC(=O)c1cc(-c2ccc(F)cc2)c2sc(COc3ccc(F)nc3)cc2n1,2.0,-0.3010299956639812
CHEMBL4442519,C[C@@H]1CN(C(=O)C(=O)Nc2ccc3[nH]c(=O)oc3c2)CCN1c1ccc(Cl)cc1,1.85,-0.26717172840301384
CHEMBL4443968,C[C@]1(c2cc(NC(=O)c3cnc(OCF)cn3)ccc2F)N=C(N)SCC12CCC(F)(F)CC2,0.55,0.2596373105057561
CHEMBL4444596,CN(CC(=O)N1CCN(c2cccc3ccccc23)CC1)C(=O)c1cccs1,0.8,0.09691001300805639
CHEMBL4445506,Cc1nnc2ccc(C(=O)NC3CN(c4ncc(F)cc4Cl)C3)cc2c1C,0.12,0.9208187539523752
CHEMBL4445682,COc1cc(C(=O)Nc2cc(OC(F)(F)F)ccc2-n2cncn2)ccc1OCC1CC1,1.24,-0.09342168516223506
CHEMBL4445682,COc1cc(C(=O)Nc2cc(OC(F)(F)F)ccc2-n2cncn2)ccc1OCC1CC1,1.24,-0.09342168516223506
CHEMBL4445682,COc1cc(C(=O)Nc2cc(OC(F)(F)F)ccc2-n2cncn2)ccc1OCC1CC1,1.24,-0.09342168516223506
CHEMBL4445682,COc1cc(C(=O)Nc2cc(OC(F)(F)F)ccc2-n2cncn2)ccc1OCC1CC1,2.35,-0.37106786227173627
CHEMBL4445682,COc1cc(C(=O)Nc2cc(OC(F)(F)F)ccc2-n2cncn2)ccc1OCC1CC1,2.35,-0.37106786227173627
CHEMBL4445682,COc1cc(C(=O)Nc2cc(OC(F)(F)F)ccc2-n2cncn2)ccc1OCC1CC1,2.35,-0.37106786227173627
CHEMBL4445682,COc1cc(C(=O)Nc2cc(OC(F)(F)F)ccc2-n2cncn2)ccc1OCC1CC1,2.4,-0.38021124171160603
CHEMBL4445682,COc1cc(C(=O)Nc2cc(OC(F)(F)F)ccc2-n2cncn2)ccc1OCC1CC1,2.4,-0.38021124171160603
CHEMBL4445682,COc1cc(C(=O)Nc2cc(OC(F)(F)F)ccc2-n2cncn2)ccc1OCC1CC1,2.4,-0.38021124171160603
CHEMBL4445828,COc1cc(-c2nnc(-c3cc(OC(F)(F)F)ccc3-n3cncn3)o2)ccc1OCC1CC1,2.0,-0.3010299956639812
CHEMBL4449641,Clc1cnc(OCc2cn(C3CCN(CC4CC4)CC3)nn2)nc1,1.1,-0.04139268515822508
CHEMBL4449793,O=C(Nc1ccc2[nH]c(=O)oc2c1)C(=O)N1CCN(Cc2ccc(Cl)cc2)CC1,0.41,0.38721614328026455
CHEMBL4450016,NC(=O)c1cc(-c2ccc(F)cc2)c2sc(COc3ccc(Cl)nc3)cc2n1,2.0,-0.3010299956639812
CHEMBL4451235,O=C(c1cc(-c2cn[nH]c2)on1)N1CCC(Cc2ccc(Cl)cc2)CC1,3.27,-0.5145477526602861
CHEMBL4451442,O=C(Nc1ccc2[nH]c(=O)oc2c1)C(=O)N1CCN(c2ccc(Cl)cc2)CC1,0.53,0.27572413039921095
CHEMBL4453068,C#Cc1cccc(Nc2ncnc3cc4c(cc23)OCCO4)c1,0.491,0.3089185078770315
CHEMBL4453597,O[C@]1(Cc2cc(-c3cn[nH]c3)on2)CC[C@@H](Cc2ccc(C(F)(F)F)cc2)CC1,2.66,-0.424881636631067
CHEMBL4454159,CC(C)(C)c1nc2cc(NS(C)(=O)=O)ccc2n1CC1CCC(F)(F)CC1,0.04,1.3979400086720375
CHEMBL4454495,O=C(Nc1ccc2[nH]c(=O)oc2c1)C(=O)N1CCN(c2ccc(C(F)(F)F)cc2)CC1,2.99,-0.4756711883244297
CHEMBL4454698,c1cnc2c(Nc3ccc4c(C5CCCC5)noc4c3)n[nH]c2n1,1.2,-0.07918124604762482
CHEMBL4455039,O=C(c1cc(-c2ccc(=O)[nH]c2)on1)N1CCC(Cc2ccc(Cl)cc2)CC1,0.38,0.42021640338318983
CHEMBL4456001,Cn1ncc2ccc(N3CCN(c4cncc5ccccc45)CC3)cc21,0.75,0.12493873660829995
CHEMBL4457158,CCC(=O)c1sc(-c2ccc(Cl)cc2)c(C)c1-c1ccc(S(N)(=O)=O)cc1,4.63,-0.6655809910179531
CHEMBL4457158,CCC(=O)c1sc(-c2ccc(Cl)cc2)c(C)c1-c1ccc(S(N)(=O)=O)cc1,4.63,-0.6655809910179531
CHEMBL4457158,CCC(=O)c1sc(-c2ccc(Cl)cc2)c(C)c1-c1ccc(S(N)(=O)=O)cc1,4.63,-0.6655809910179531
CHEMBL4457158,CCC(=O)c1sc(-c2ccc(Cl)cc2)c(C)c1-c1ccc(S(N)(=O)=O)cc1,4.63,-0.6655809910179531
CHEMBL4457158,CCC(=O)c1sc(-c2ccc(Cl)cc2)c(C)c1-c1ccc(S(N)(=O)=O)cc1,4.63,-0.6655809910179531
CHEMBL4457158,CCC(=O)c1sc(-c2ccc(Cl)cc2)c(C)c1-c1ccc(S(N)(=O)=O)cc1,7.7,-0.8864907251724818
CHEMBL4457158,CCC(=O)c1sc(-c2ccc(Cl)cc2)c(C)c1-c1ccc(S(N)(=O)=O)cc1,7.7,-0.8864907251724818
CHEMBL4457158,CCC(=O)c1sc(-c2ccc(Cl)cc2)c(C)c1-c1ccc(S(N)(=O)=O)cc1,7.7,-0.8864907251724818
CHEMBL4457158,CCC(=O)c1sc(-c2ccc(Cl)cc2)c(C)c1-c1ccc(S(N)(=O)=O)cc1,7.7,-0.8864907251724818
CHEMBL4457158,CCC(=O)c1sc(-c2ccc(Cl)cc2)c(C)c1-c1ccc(S(N)(=O)=O)cc1,7.7,-0.8864907251724818
CHEMBL4457158,CCC(=O)c1sc(-c2ccc(Cl)cc2)c(C)c1-c1ccc(S(N)(=O)=O)cc1,8.85,-0.9469432706978255
CHEMBL4457158,CCC(=O)c1sc(-c2ccc(Cl)cc2)c(C)c1-c1ccc(S(N)(=O)=O)cc1,8.85,-0.9469432706978255
CHEMBL4457158,CCC(=O)c1sc(-c2ccc(Cl)cc2)c(C)c1-c1ccc(S(N)(=O)=O)cc1,8.85,-0.9469432706978255
CHEMBL4457158,CCC(=O)c1sc(-c2ccc(Cl)cc2)c(C)c1-c1ccc(S(N)(=O)=O)cc1,8.85,-0.9469432706978255
CHEMBL4457158,CCC(=O)c1sc(-c2ccc(Cl)cc2)c(C)c1-c1ccc(S(N)(=O)=O)cc1,8.85,-0.9469432706978255
CHEMBL4457158,CCC(=O)c1sc(-c2ccc(Cl)cc2)c(C)c1-c1ccc(S(N)(=O)=O)cc1,9.52,-0.9786369483844743
CHEMBL4457158,CCC(=O)c1sc(-c2ccc(Cl)cc2)c(C)c1-c1ccc(S(N)(=O)=O)cc1,9.52,-0.9786369483844743
CHEMBL4457158,CCC(=O)c1sc(-c2ccc(Cl)cc2)c(C)c1-c1ccc(S(N)(=O)=O)cc1,9.52,-0.9786369483844743
CHEMBL4457158,CCC(=O)c1sc(-c2ccc(Cl)cc2)c(C)c1-c1ccc(S(N)(=O)=O)cc1,9.52,-0.9786369483844743
CHEMBL4457158,CCC(=O)c1sc(-c2ccc(Cl)cc2)c(C)c1-c1ccc(S(N)(=O)=O)cc1,9.52,-0.9786369483844743
CHEMBL4457158,CCC(=O)c1sc(-c2ccc(Cl)cc2)c(C)c1-c1ccc(S(N)(=O)=O)cc1,10.69,-1.028977705208778
CHEMBL4457158,CCC(=O)c1sc(-c2ccc(Cl)cc2)c(C)c1-c1ccc(S(N)(=O)=O)cc1,10.69,-1.028977705208778
CHEMBL4457158,CCC(=O)c1sc(-c2ccc(Cl)cc2)c(C)c1-c1ccc(S(N)(=O)=O)cc1,10.69,-1.028977705208778
CHEMBL4457158,CCC(=O)c1sc(-c2ccc(Cl)cc2)c(C)c1-c1ccc(S(N)(=O)=O)cc1,10.69,-1.028977705208778
CHEMBL4457158,CCC(=O)c1sc(-c2ccc(Cl)cc2)c(C)c1-c1ccc(S(N)(=O)=O)cc1,10.69,-1.028977705208778
CHEMBL4459939,Cc1ncc(C)n2nc(CC(=O)N3c4nc5ccccc5n4C[C@@H]3C)nc12,2.3,-0.36172783601759284
CHEMBL4460020,O=C(Nc1ccc2[nH]c(=O)oc2c1)C(=O)N1CCN(c2ccc(F)c(F)c2)CC1,0.82,0.08618614761628333
CHEMBL4460045,CCOc1cc(N2CC(n3c(=O)[nH]c4cc(C(F)(F)F)ccc43)C2)ncc1Cl,0.14,0.8538719643217619
CHEMBL4460939,O=C(Nc1ccc2[nH]c(=O)oc2c1)C(=O)N1CCN(c2ccc(F)c(Cl)c2)CC1,1.24,-0.09342168516223506
CHEMBL4462270,CCn1cncc1-c1c[nH]c2ccc(I)c(F)c12.Cl,3.48,-0.541579243946581
CHEMBL4462628,O=C(c1cc(-c2cn[nH]c2)on1)N1CCC(Cc2ccccc2)CC1,3.89,-0.5899496013257077
CHEMBL4462872,Cn1cc2ccc(N3CCN(c4cncc5ccccc45)CC3)c(F)c2n1,1.2,-0.07918124604762482
CHEMBL4463054,C[C@@H]1CN(C(=O)C(=O)Nc2ccc3[nH]c(=O)oc3c2)CCN1c1ccc(F)c(F)c1,1.89,-0.2764618041732441
CHEMBL4463106,O=C(c1cc(-c2ccc(=O)[nH]c2)on1)N1CCC(Cc2ccc(F)cc2)CC1,0.5,0.3010299956639812
CHEMBL4464358,Cn1ncc2ccc(N3CCN(c4cncc5ccc(C#N)cc45)CC3)cc21,1.85,-0.26717172840301384
CHEMBL4464831,C[C@@H]1CN(c2ccc(Cl)cc2)CCN1C(=O)C(=O)Nc1ccc2[nH]c(=O)oc2c1,0.95,0.022276394711152253
CHEMBL4465534,C[C@]1(c2cc(NC(=O)c3cnc(OCF)cn3)ccc2F)N=C(N)SCC12CCS(=O)(=O)CC2,0.01,2.0
CHEMBL4465642,CCNc1cc(N2CC(n3c(=O)[nH]c4ccc(Br)cc43)C2)nnc1Cl,0.07,1.154901959985743
CHEMBL4465816,CCNc1cc(N2CC(n3c(=O)[nH]c4ccccc43)C2)nnc1Cl,0.03,1.5228787452803376
CHEMBL4467975,Cc1c(COc2ncc(Cl)cn2)nnn1C1CCN(CC2CC2)CC1,1.3,-0.11394335230683679
CHEMBL4468770,Cn1cc2ccc(N3CCN(c4cncc5ccccc45)CC3)cc2n1,0.01,2.0
CHEMBL4469418,CN(CC(=O)N1CCN(c2cncc3ccccc23)CC1)C(=O)c1cccs1,0.07,1.154901959985743
CHEMBL4470637,C[C@@H]1CN(C(=O)C(=O)Nc2ccc3[nH]c(=O)oc3c2)CCN1c1ccc(Cl)c(F)c1,1.19,-0.07554696139253074
CHEMBL4473725,Cn1ncc2ccc(N3CCN(c4cncc5ccc(C(F)F)cc45)CC3)cc21,1.23,-0.08990511143939793
CHEMBL4474325,COc1ccc(CNc2nn(C)c3c2sc2nnc(C)c(C)c23)cc1,0.25,0.6020599913279624
CHEMBL4474892,C[C@@H]1CN(c2ccc(F)c(F)c2)CCN1C(=O)C(=O)Nc1ccc2[nH]c(=O)oc2c1,0.67,0.17392519729917355
CHEMBL4475472,Cc1nnc2ccc(C(=O)NC3CN(c4ccc(F)c(F)c4)C3)cc2c1C,0.05,1.3010299956639813
CHEMBL4475753,COc1ccc(-c2cc(C(N)=O)nc3cc(COc4cnc(C)nc4)sc23)cc1,3.41,-0.5327543789924978
CHEMBL4476444,CCOc1cc(N2CC(n3c(=O)[nH]c4ccccc43)C2)ncc1Cl,0.36,0.44369749923271273
CHEMBL4476495,COc1ccc(-c2nnc(-c3cc(OC(F)(F)F)ccc3-n3ccnc3)o2)cc1OC,4.9,-0.6901960800285137
CHEMBL4476495,COc1ccc(-c2nnc(-c3cc(OC(F)(F)F)ccc3-n3ccnc3)o2)cc1OC,4.9,-0.6901960800285137
CHEMBL4476495,COc1ccc(-c2nnc(-c3cc(OC(F)(F)F)ccc3-n3ccnc3)o2)cc1OC,4.9,-0.6901960800285137
CHEMBL4476495,COc1ccc(-c2nnc(-c3cc(OC(F)(F)F)ccc3-n3ccnc3)o2)cc1OC,4.9,-0.6901960800285137
CHEMBL4483761,CCOc1cc(N2CCC3(CC2)C(=O)Nc2ccc(Br)cc23)nnc1C(F)(F)F,1.4,-0.146128035678238
CHEMBL4514040,O=C(NC1CC(F)(F)C1)c1nsc2cc(Nc3n[nH]c4nccnc34)ccc12,0.08,1.0969100130080565
CHEMBL4514671,COc1ccc(C(=O)c2sc3nnc(C)c(C)c3c2N)cc1,0.83,0.08092190762392612
CHEMBL4515326,Cc1nnc2sc(C(=O)c3cccnc3)c(N)c2c1C,0.83,0.08092190762392612
CHEMBL4515671,[11CH3]Oc1ccc(-c2cc(C(N)=O)nc3cc(CN4C(=O)CCC4=O)ccc23)c(F)c1,0.3,0.5228787452803376
CHEMBL4516088,Cc1nc2sc(C(=O)c3ccccc3)c(N)c2c(C)c1Cl,0.83,0.08092190762392612
CHEMBL4516136,Nc1c(C(=O)c2ccncc2)sc2nc(O)c3c(c12)CCCC3,0.83,0.08092190762392612
CHEMBL4520127,O=C(c1nsc2cc(Nc3n[nH]c4cccnc34)ccc12)N1CCC(F)(F)CC1,0.14,0.8538719643217619
CHEMBL4522795,Cc1cc(O[C@H]2CO[C@H](C)C2)cc(C(=O)Nc2nc(C)cs2)n1,2.2,-0.3424226808222063
CHEMBL4524555,Cc1cc(C)c2c(N)c(C(=O)CCc3ccncc3)sc2n1,11.0,-1.0413926851582251
CHEMBL4525501,Cc1cc(C)c2c(N)c(C(=O)c3ccc(O)cc3)sc2n1,0.83,0.08092190762392612
CHEMBL4526419,Nc1c(C(=O)c2ccncc2)sc2nc(OCc3ccncc3)c3c(c12)CCC3,0.83,0.08092190762392612
CHEMBL4526884,O=C(Nc1ccc2[nH]c(=O)oc2c1)C(=O)N1CCN(c2ccc(Cl)c(F)c2)CC1,0.79,0.10237290870955855
CHEMBL4527640,Cc1cc(C)c2c(N)c(C(=O)c3ccncc3)sc2n1,0.83,0.08092190762392612
CHEMBL4527834,C[C@@H]1CN(Cc2cc3nc(C(N)=O)cc(-c4ccc(F)cc4)c3s2)C[C@H](C)O1,5.67,-0.7535830588929066
CHEMBL4531229,COc1ccc(CCC(=O)c2sc3nnc(C)c(C)c3c2N)cc1F,11.0,-1.0413926851582251
CHEMBL4531810,COc1ccc(N2CCN(C(=O)C(=O)Nc3ccc4[nH]c(=O)oc4c3)CC2)cc1F,3.17,-0.5010592622177514
CHEMBL4533083,NC(=O)c1cc(-c2ccc(F)cc2)n2nc(COc3ccnc(Br)c3)cc2n1,2.5,-0.3979400086720376
CHEMBL4534333,O=C(Nc1ccc2[nH]c(=O)oc2c1)C(=O)N1CCN(c2ccc(C(F)(F)F)c(F)c2)CC1,0.65,0.18708664335714442
CHEMBL4541942,Cc1ccc(OCc2cc3nc(C(N)=O)cc(-c4ccc(F)cc4)c3s2)cn1,7.99,-0.9025467793139914
CHEMBL4543522,Cc1nnc2sc(C(=O)c3ccccc3)c(N)c2c1C,0.83,0.08092190762392612
CHEMBL4544318,Nc1c(C(=O)c2ccncc2)sc2nc(OCCN3CCOCC3)c3c(c12)CCC3,0.83,0.08092190762392612
CHEMBL4545456,CCN1CC2(C1)CN(c1ccc(Nc3ncc(F)c(-c4cnn5c4[C@H](C)CCCC5)n3)nc1)C2,1.6,-0.2041199826559248
CHEMBL4545456,CCN1CC2(C1)CN(c1ccc(Nc3ncc(F)c(-c4cnn5c4[C@H](C)CCCC5)n3)nc1)C2,1.6,-0.2041199826559248
CHEMBL4545456,CCN1CC2(C1)CN(c1ccc(Nc3ncc(F)c(-c4cnn5c4[C@H](C)CCCC5)n3)nc1)C2,1.6,-0.2041199826559248
CHEMBL4545456,CCN1CC2(C1)CN(c1ccc(Nc3ncc(F)c(-c4cnn5c4[C@H](C)CCCC5)n3)nc1)C2,2.3,-0.36172783601759284
CHEMBL4545456,CCN1CC2(C1)CN(c1ccc(Nc3ncc(F)c(-c4cnn5c4[C@H](C)CCCC5)n3)nc1)C2,2.3,-0.36172783601759284
CHEMBL4545456,CCN1CC2(C1)CN(c1ccc(Nc3ncc(F)c(-c4cnn5c4[C@H](C)CCCC5)n3)nc1)C2,2.3,-0.36172783601759284
CHEMBL4545456,CCN1CC2(C1)CN(c1ccc(Nc3ncc(F)c(-c4cnn5c4[C@H](C)CCCC5)n3)nc1)C2,4.8,-0.6812412373755872
CHEMBL4545456,CCN1CC2(C1)CN(c1ccc(Nc3ncc(F)c(-c4cnn5c4[C@H](C)CCCC5)n3)nc1)C2,4.8,-0.6812412373755872
CHEMBL4545456,CCN1CC2(C1)CN(c1ccc(Nc3ncc(F)c(-c4cnn5c4[C@H](C)CCCC5)n3)nc1)C2,4.8,-0.6812412373755872
CHEMBL4549344,COc1ccc(-c2cc(C(N)=O)nc3cc(COc4ccc(C(F)(F)F)nc4)nn23)c(F)c1,2.5,-0.3979400086720376
CHEMBL4550009,NC(=O)c1cc(-c2ccc(F)cc2F)n2nc(COc3ccnc(C(F)(F)F)c3)cc2n1,2.5,-0.3979400086720376
CHEMBL4550517,COc1ccc(-c2cc(C(N)=O)nc3cc(COc4ccnc(C)c4)nn23)c(F)c1,2.5,-0.3979400086720376
CHEMBL4557670,C[C@H]1SC(N)=N[C@](C)(c2cc(NC(=O)c3cnc(OCF)cn3)ccc2F)[C@H]1F,3.3,-0.5185139398778874
CHEMBL4561636,Cc1nnc2ccc(C(=O)NC3CN(c4ncc(C#N)cc4Cl)C3)cc2c1C,0.04,1.3979400086720375
CHEMBL4561879,Cc1nc(OCC(=O)N(C)C2CCN(Cc3ccccc3)CC2)nc(C)c1N,0.15,0.8239087409443188
CHEMBL4565738,Cc1nnc2sc(C(=O)c3ccncc3)c(N)c2c1C,0.83,0.08092190762392612
CHEMBL4569114,COc1ccc(-c2cc(C(N)=O)nc3cc(COc4ccnc(C(F)(F)F)c4)nn23)c(F)c1,2.5,-0.3979400086720376
CHEMBL4572957,Cc1cccc(-n2ccc(O[C@H](C)COc3ccccc3)cc2=O)c1,1.42,-0.15228834438305647
CHEMBL4573723,Cc1cc(C)c2c(N)c(C(=O)c3ccc(F)c(Cl)c3)sc2n1,0.83,0.08092190762392612
CHEMBL4575082,Cc1cc(C)c2c(N)c(C(=O)c3ccc(F)cc3F)sc2n1,0.83,0.08092190762392612
CHEMBL4575990,NC(=O)c1cc(-c2ccc(F)cc2)n2nc(CCc3ccnc(C(F)(F)F)c3)cc2n1,4.25,-0.6283889300503115
CHEMBL4577985,Cc1nc2sc(C(=O)c3cccnc3)c(N)c2c(C)c1Cl,0.83,0.08092190762392612
CHEMBL4578455,COc1ccc(C(=O)c2sc3nc(C)cc(C)c3c2N)cc1,0.83,0.08092190762392612
CHEMBL4578758,Cc1ncccc1OCc1cc2nc(C(N)=O)cc(-c3ccc(F)cc3)c2s1,2.0,-0.3010299956639812
CHEMBL4579005,CC(C)c1ccc(NC(=O)c2c(-c3cc(F)ccc3F)ccnc2N2CC[C@H](F)C2)cn1,0.2,0.6989700043360187
CHEMBL4579281,Cc1ccc(OCc2cc3nc(C(N)=O)cc(-c4ccc(F)cc4)c3s2)c(C)n1,2.0,-0.3010299956639812
CHEMBL4581976,Cc1nnc2sc(C(=O)c3ccc(F)cc3F)c(N)c2c1C,0.83,0.08092190762392612
CHEMBL4583516,COc1cc(N2CC(NC(=O)c3ccc4nnc(C)c(C)c4c3)C2)c(Cl)cn1,0.09,1.0457574905606752
CHEMBL4583880,C[C@@H]1CN(c2ccc(Cl)c(F)c2)CCN1C(=O)C(=O)Nc1ccc2[nH]c(=O)oc2c1,0.99,0.004364805402450088
CHEMBL4584784,CC(=O)c1ccc2cncc(N3CCN(c4ccc5cnn(C)c5c4)CC3)c2c1,0.95,0.022276394711152253
CHEMBL4588443,O=C(NC1CC(F)(F)C1)c1nsc2cc(Nc3n[nH]c4cccnc34)ccc12,0.23,0.638272163982407
CHEMBL4588443,O=C(NC1CC(F)(F)C1)c1nsc2cc(Nc3n[nH]c4cccnc34)ccc12,0.4,0.3979400086720376
CHEMBL4593541,CC(C)(C)C(=O)N1CCN(c2cncc3ccccc23)CC1,0.4,0.3979400086720376
CHEMBL4632555,Cc1c2cc(C(=O)NC3CN(c4cc(Cl)ncc4Cl)C3)ccc2nn1C,0.05,1.3010299956639813
CHEMBL4632555,Cc1c2cc(C(=O)NC3CN(c4cc(Cl)ncc4Cl)C3)ccc2nn1C,0.05,1.3010299956639813
CHEMBL4632555,Cc1c2cc(C(=O)NC3CN(c4cc(Cl)ncc4Cl)C3)ccc2nn1C,0.05,1.3010299956639813
CHEMBL4632555,Cc1c2cc(C(=O)NC3CN(c4cc(Cl)ncc4Cl)C3)ccc2nn1C,0.05,1.3010299956639813
CHEMBL4632855,Cn1nnc2ccc(C(=O)NC3CN(c4cc(Cl)ncc4Cl)C3)cc21,0.05,1.3010299956639813
CHEMBL4632855,Cn1nnc2ccc(C(=O)NC3CN(c4cc(Cl)ncc4Cl)C3)cc21,0.05,1.3010299956639813
CHEMBL4632855,Cn1nnc2ccc(C(=O)NC3CN(c4cc(Cl)ncc4Cl)C3)cc21,0.05,1.3010299956639813
CHEMBL4632855,Cn1nnc2ccc(C(=O)NC3CN(c4cc(Cl)ncc4Cl)C3)cc21,0.05,1.3010299956639813
CHEMBL4632962,Cc1c2c(N)c(C(=O)NC3CN(c4cc(Cl)ncc4Cl)C3)ccc2nn1C,0.12,0.9208187539523752
CHEMBL4633566,Cn1nccc1[C@H]1CCCC[C@@H]1Oc1cc(F)c(S(=O)(=O)Nc2ccncn2)cc1Cl,0.07,1.154901959985743
CHEMBL4634061,O=C1c2cc(C(F)(F)F)ccc2NC12CCN(CC1CCOCC1)CC2,25.5,-1.4065401804339552
CHEMBL4634061,O=C1c2cc(C(F)(F)F)ccc2NC12CCN(CC1CCOCC1)CC2,50.9,-1.7067177823367587
CHEMBL4634770,COc1cc(N2CC(Nc3ncnc4c3ccc3nn(C)c(C)c34)C2)c(Cl)cn1,1.55,-0.1903316981702915
CHEMBL4635170,COc1cc(N2CC(NC(=O)c3cn4c(C)c(C)nc4cn3)C2)c(Cl)cn1,1.08,-0.03342375548694973
CHEMBL4635575,Cc1c2cc(C(=O)NC3CN(c4cc(Cl)ncc4Cl)C3)ncc2nn1C,0.3,0.5228787452803376
CHEMBL4636061,Cc1nc2ccc(C(=O)NC3CN(c4cc(Cl)ncc4Cl)C3)cn2c1C,0.1,1.0
CHEMBL4638500,CCN1Cc2cc(-c3c(C)nc4c(OCc5ccccc5)cccn34)ccc2C1=O.Cl,0.72,0.14266750356873156
CHEMBL4638506,COc1cc(N2CC(NC(=O)c3cc4c(C)n(C)nc4cn3)C2)c(Cl)cn1,0.67,0.17392519729917355
CHEMBL4639222,COc1cc(N2CC(NC(=O)c3ccc4nn(C)c(C)c4c3N)C2)c(Cl)cn1,0.18,0.744727494896694
CHEMBL4640097,CCNC(=O)c1ccc(-c2c(C)nc3c(OCc4ccc(-c5ccccc5)cc4)cccn23)cn1.Cl,0.45,0.3467874862246563
CHEMBL4640254,Cn1nnc2ccc3c(NC4CN(c5cc(Cl)ncc5Cl)C4)ncnc3c21,0.25,0.6020599913279624
CHEMBL4641905,CCNC(=O)c1ccc(-c2c(C)nc3c(OCc4ccccc4F)cccn23)cn1.Cl,0.27,0.5686362358410126
CHEMBL4642055,Cc1c2c(ccc3c(NC4CN(c5cc(Cl)ncc5Cl)C4)ncnc32)nn1C,0.21,0.6777807052660807
CHEMBL4644048,CN(C(=O)COc1ccc(Cl)nn1)C1CCN(CC2CC2(F)F)CC1,0.92,0.036212172654444715
CHEMBL4645181,CCNC(=O)c1ccc(-c2c(C)nc3c(OCc4cccc(-c5ccccc5)c4)cccn23)cn1.Cl,0.12,0.9208187539523752
CHEMBL4645783,Cc1nc(OCC(=O)N(C)C2CCN(CC3CC3(F)F)CC2)nc(C)c1N.Cl,0.12,0.9208187539523752
CHEMBL4647393,Cc1nn(C)c2cnc(C(=O)NC3CN(c4cc(Cl)ncc4Cl)C3)cc12,0.24,0.619788758288394
CHEMBL4647876,Cn1nnc2ccc(C(=O)NC3CN(c4cc(Cl)ncc4Cl)C3)c(N)c21,0.17,0.769551078621726
CHEMBL4649459,Cc1nc2cnc(C(=O)NC3CN(c4cc(Cl)ncc4Cl)C3)cn2c1C,0.29,0.5376020021010439
CHEMBL4740237,Cn1nccc1-c1nccc2cc(Nc3n[nH]c4cccnc34)ccc12,1.6,-0.2041199826559248
CHEMBL4740272,Cc1c(CF)nnc2sc(C(=O)NC3CN(c4ncc(C(F)(F)F)cn4)C3)c(N)c12,0.06,1.2218487496163564
CHEMBL4742127,O=C1CCSC[C@@H](C(=O)Nc2cc(Br)cc(Br)c2)N1,0.19,0.721246399047171
CHEMBL4743220,Fc1c(Br)cccc1Nc1ncnc2cc3c(cc12)OCCO3,1.3,-0.11394335230683679
CHEMBL4744634,N#Cc1cnc2c(OC3CCOC3)cccc2c1N1CCN(c2ccccc2F)CC1,4.36,-0.6394864892685861
CHEMBL4744634,N#Cc1cnc2c(OC3CCOC3)cccc2c1N1CCN(c2ccccc2F)CC1,4.36,-0.6394864892685861
CHEMBL4744655,Fc1c(Cl)cccc1Nc1ncnc2cc3c(cc12)OCCO3,1.04,-0.01703333929878037
CHEMBL4745777,N#Cc1cnc2c(N3CCOCC3)cccc2c1N1CCN(c2ccccc2F)CC1,6.84,-0.8350561017201162
CHEMBL4745777,N#Cc1cnc2c(N3CCOCC3)cccc2c1N1CCN(c2ccccc2F)CC1,6.84,-0.8350561017201162
CHEMBL4749501,Fc1cccc(Nc2ncnc3cc4c(cc23)OCCO4)c1F,1.04,-0.01703333929878037
CHEMBL4750375,C#Cc1cccc(Nc2ncnc3cc4c(cc23)OCCO4)c1F,0.575,0.24033215531036956
CHEMBL4753189,CC(C)Oc1cc(F)cc2c(N3CCN(c4ccccc4F)CC3)c(C#N)cnc12,4.99,-0.69810054562339
CHEMBL4753189,CC(C)Oc1cc(F)cc2c(N3CCN(c4ccccc4F)CC3)c(C#N)cnc12,4.99,-0.69810054562339
CHEMBL4758183,O=C1CCSC[C@@H](C(=O)Nc2cc(Cl)cc(Br)c2)N1,0.45,0.3467874862246563
CHEMBL4759031,Fc1c(I)cccc1Nc1ncnc2cc3c(cc12)OCCO3,1.03,-0.012837224705172217
CHEMBL4761695,[2H]C([2H])([2H])Oc1cc(F)cc2c(N3CCN(c4ccccc4F)CC3)c(C#N)cnc12,2.74,-0.437750562820388
CHEMBL4761695,[2H]C([2H])([2H])Oc1cc(F)cc2c(N3CCN(c4ccccc4F)CC3)c(C#N)cnc12,2.74,-0.437750562820388
CHEMBL4761695,[2H]C([2H])([2H])Oc1cc(F)cc2c(N3CCN(c4ccccc4F)CC3)c(C#N)cnc12,2.74,-0.437750562820388
CHEMBL4761695,[2H]C([2H])([2H])Oc1cc(F)cc2c(N3CCN(c4ccccc4F)CC3)c(C#N)cnc12,4.78,-0.6794278966121189
CHEMBL4761695,[2H]C([2H])([2H])Oc1cc(F)cc2c(N3CCN(c4ccccc4F)CC3)c(C#N)cnc12,4.78,-0.6794278966121189
CHEMBL4761695,[2H]C([2H])([2H])Oc1cc(F)cc2c(N3CCN(c4ccccc4F)CC3)c(C#N)cnc12,4.78,-0.6794278966121189
CHEMBL4763355,FC(F)(F)c1nccc2cc(Nc3n[nH]c4cccnc34)ccc12,4.3,-0.6334684555795865
CHEMBL4776981,Cc1c(Cl)nnc2sc(C(=O)NC3CN(c4cc(C(F)(F)F)ncc4Cl)C3)c(N)c12,0.31,0.5086383061657274
CHEMBL4779331,FC(F)c1nccc2cc(Nc3n[nH]c4cccnc34)ccc12,2.2,-0.3424226808222063
CHEMBL4780059,Cc1c(C(F)F)nnc2sc(C(=O)NC3CN(c4ncc(C(F)(F)F)cn4)C3)c(N)c12,0.29,0.5376020021010439
CHEMBL4780651,Cc1c(Cl)nnc2sc(C(=O)NC3CN(c4ncc(C(F)(F)F)cn4)C3)c(N)c12,0.1,1.0
CHEMBL4781616,CC(c1nccc2cc(Nc3n[nH]c4cccnc34)ccc12)C(F)(F)F,2.2,-0.3424226808222063
CHEMBL4787268,c1cnc2c(Nc3ccc4c(-n5cccn5)nccc4c3)n[nH]c2c1,1.37,-0.1367205671564068
CHEMBL4787495,O=S(=O)(c1ccc(F)cc1)N(CCCN1CCC(c2noc3cc(F)ccc23)CC1)C1COC1,1.72,-0.2355284469075489
CHEMBL4787495,O=S(=O)(c1ccc(F)cc1)N(CCCN1CCC(c2noc3cc(F)ccc23)CC1)C1COC1,4.03,-0.6053050461411095
CHEMBL4788846,O=c1[nH]nc(-c2ccc(Cl)c(C(F)(F)F)c2)o1,0.16,0.7958800173440752
CHEMBL4795177,COc1nnc2sc(C(=O)NC3CN(c4ncc(C(F)(F)F)cn4)C3)c(N)c2c1C,0.16,0.7958800173440752
CHEMBL4795177,COc1nnc2sc(C(=O)NC3CN(c4ncc(C(F)(F)F)cn4)C3)c(N)c2c1C,0.16,0.7958800173440752
CHEMBL4795177,COc1nnc2sc(C(=O)NC3CN(c4ncc(C(F)(F)F)cn4)C3)c(N)c2c1C,0.16,0.7958800173440752
CHEMBL4795177,COc1nnc2sc(C(=O)NC3CN(c4ncc(C(F)(F)F)cn4)C3)c(N)c2c1C,0.34,0.46852108295774486
CHEMBL4795177,COc1nnc2sc(C(=O)NC3CN(c4ncc(C(F)(F)F)cn4)C3)c(N)c2c1C,0.34,0.46852108295774486
CHEMBL4795177,COc1nnc2sc(C(=O)NC3CN(c4ncc(C(F)(F)F)cn4)C3)c(N)c2c1C,0.34,0.46852108295774486
CHEMBL4795177,COc1nnc2sc(C(=O)NC3CN(c4ncc(C(F)(F)F)cn4)C3)c(N)c2c1C,1.7,-0.2304489213782739
CHEMBL4795177,COc1nnc2sc(C(=O)NC3CN(c4ncc(C(F)(F)F)cn4)C3)c(N)c2c1C,1.7,-0.2304489213782739
CHEMBL4795177,COc1nnc2sc(C(=O)NC3CN(c4ncc(C(F)(F)F)cn4)C3)c(N)c2c1C,1.7,-0.2304489213782739
CHEMBL4796921,Cc1nnc2sc(C(=O)NC3CN(c4ncc(C(F)(F)F)cn4)C3)c(N)c2c1C,0.12,0.9208187539523752
CHEMBL4797139,FC(F)(F)c1nccc2cc(Nc3n[nH]c4ncccc34)ccc12,0.78,0.10790539730951958
CHEMBL4797139,FC(F)(F)c1nccc2cc(Nc3n[nH]c4ncccc34)ccc12,0.78,0.10790539730951958
CHEMBL4797139,FC(F)(F)c1nccc2cc(Nc3n[nH]c4ncccc34)ccc12,0.78,0.10790539730951958
CHEMBL4797139,FC(F)(F)c1nccc2cc(Nc3n[nH]c4ncccc34)ccc12,1.24,-0.09342168516223506
CHEMBL4797139,FC(F)(F)c1nccc2cc(Nc3n[nH]c4ncccc34)ccc12,1.24,-0.09342168516223506
CHEMBL4797139,FC(F)(F)c1nccc2cc(Nc3n[nH]c4ncccc34)ccc12,1.24,-0.09342168516223506
CHEMBL4797139,FC(F)(F)c1nccc2cc(Nc3n[nH]c4ncccc34)ccc12,1.5,-0.17609125905568124
CHEMBL4797139,FC(F)(F)c1nccc2cc(Nc3n[nH]c4ncccc34)ccc12,1.5,-0.17609125905568124
CHEMBL4797139,FC(F)(F)c1nccc2cc(Nc3n[nH]c4ncccc34)ccc12,1.5,-0.17609125905568124
CHEMBL4797139,FC(F)(F)c1nccc2cc(Nc3n[nH]c4ncccc34)ccc12,1.51,-0.17897694729316943
CHEMBL4797139,FC(F)(F)c1nccc2cc(Nc3n[nH]c4ncccc34)ccc12,1.51,-0.17897694729316943
CHEMBL4797139,FC(F)(F)c1nccc2cc(Nc3n[nH]c4ncccc34)ccc12,1.51,-0.17897694729316943
CHEMBL4798497,COc1cc(N2CC(NC(=O)c3sc4nnc(Cl)c(C)c4c3N)C2)c(Cl)cn1,0.21,0.6777807052660807
CHEMBL4847801,Cn1cc2cc(-c3ccc(CN4Cc5ncsc5C4=O)c(F)c3)ccc2n1,2.1,-0.3222192947339193
CHEMBL4849331,Cc1ccncc1-c1ccc2nc(NC(=O)[C@@H]3C[C@@H]3F)sc2c1.Cl,0.13,0.8860566476931632
CHEMBL4849331,Cc1ccncc1-c1ccc2nc(NC(=O)[C@@H]3C[C@@H]3F)sc2c1.Cl,0.13,0.8860566476931632
CHEMBL4849331,Cc1ccncc1-c1ccc2nc(NC(=O)[C@@H]3C[C@@H]3F)sc2c1.Cl,0.42,0.37675070960209955
CHEMBL4849331,Cc1ccncc1-c1ccc2nc(NC(=O)[C@@H]3C[C@@H]3F)sc2c1.Cl,0.42,0.37675070960209955
CHEMBL4850236,Fc1cc(F)c(F)c(-c2ccc(N[C@H]3C[C@@H]4CN(CC5CCOCC5)C[C@@H]4C3)nn2)c1,0.32,0.494850021680094
CHEMBL4850236,Fc1cc(F)c(F)c(-c2ccc(N[C@H]3C[C@@H]4CN(CC5CCOCC5)C[C@@H]4C3)nn2)c1,3.4,-0.5314789170422551
CHEMBL4850236,Fc1cc(F)c(F)c(-c2ccc(N[C@H]3C[C@@H]4CN(CC5CCOCC5)C[C@@H]4C3)nn2)c1,6.4,-0.8061799739838872
CHEMBL4852400,C[C@@H]1CCN(c2nc(N3CCOCC3)cc(=O)[nH]2)[C@H]1Cc1ccccc1,1.0,-0.0
CHEMBL4862702,Cc1c(F)cncc1-c1ccc2nc(NC(=O)[C@@H]3C[C@@H]3F)sc2c1,0.71,0.14874165128092473
CHEMBL4872830,O=c1cc(N2CCOCC2)cc(N2CCCCC[C@@H]2Cc2ccccc2)[nH]1,0.41,0.38721614328026455
CHEMBL4874640,O=c1cc(N2CCOCC2)cc(N2C[C@H]3C[C@H]3[C@@H]2Cc2ccccc2)[nH]1,0.23,0.638272163982407
CHEMBL5071551,Cc1cc(C)c2c(n1)sc1c(NCc3ccc(S(C)(=O)=O)cc3)ncnc12,0.45,0.3467874862246563
CHEMBL5075610,Cc1cc(C)c2c(n1)sc1c(N3CCCC3)nccc12,37.1,-1.5693739096150459
CHEMBL5076867,Cc1cc(C)c2c(n1)sc1c(NCc3ccc(C(C)(C)O)cc3)nccc12,2.27,-0.35602585719312274
CHEMBL5077997,Cc1cc(C)c2c(n1)sc1c(N3CC4(COC4)C3)ncnc12,4.47,-0.6503075231319364
CHEMBL5078961,Cc1cc(C)c2c(n1)sc1c(NC3CCC3)nccc12,10.4,-1.0170333392987803
CHEMBL5082904,Cc1cc(C)c2c(n1)sc1c(N3CCC3)ncnc12,6.49,-0.8122446968003693
CHEMBL5083833,Cc1cc(C)c2c(n1)sc1c(C3CCN(C(=O)C4(C)CC4)CC3)ncnc12,0.54,0.26760624017703144
CHEMBL5086238,Cc1cc(C)c2c(n1)sc1c(N3CCCC3)ncnc12,5.36,-0.7291647896927701
CHEMBL5170381,Fc1ccc(COC2CCN(Cc3ccc4[nH]cnc4c3)CC2)cc1F,2.78,-0.4440447959180762
CHEMBL5170381,Fc1ccc(COC2CCN(Cc3ccc4[nH]cnc4c3)CC2)cc1F,2.78,-0.4440447959180762
CHEMBL5170381,Fc1ccc(COC2CCN(Cc3ccc4[nH]cnc4c3)CC2)cc1F,6.44,-0.8088858673598122
CHEMBL5170381,Fc1ccc(COC2CCN(Cc3ccc4[nH]cnc4c3)CC2)cc1F,6.44,-0.8088858673598122
CHEMBL5171071,Cc1nc(NC(=O)c2cccc(-c3cnn(C)c3)n2)cc(N2CC[C@@H](C(C)(C)O)C2)n1,0.1,1.0
CHEMBL5172913,CCOc1ccc(F)cc1NC(=O)c1ccccc1NS(=O)(=O)C1CC1,0.29,0.5376020021010439
CHEMBL5173262,O=c1[nH]cc(SCc2ccc(C(F)(F)F)cc2)[nH]c1=O,0.016,1.7958800173440752
CHEMBL5173262,O=c1[nH]cc(SCc2ccc(C(F)(F)F)cc2)[nH]c1=O,0.022,1.6575773191777938
CHEMBL5173563,OCc1cn(-c2ccc(Cl)c(C(F)(F)F)c2Cl)nn1,1.2,-0.07918124604762482
CHEMBL5178575,FC(F)(F)c1c(Cl)ccc(-n2ccnn2)c1Cl,1.1,-0.04139268515822508
CHEMBL5178575,FC(F)(F)c1c(Cl)ccc(-n2ccnn2)c1Cl,1.1,-0.04139268515822508
CHEMBL5178575,FC(F)(F)c1c(Cl)ccc(-n2ccnn2)c1Cl,1.4,-0.146128035678238
CHEMBL5178575,FC(F)(F)c1c(Cl)ccc(-n2ccnn2)c1Cl,1.4,-0.146128035678238
CHEMBL5178658,O=c1[nH]cc(CSc2ccc(C(F)(F)F)cc2)[nH]c1=O,0.12,0.9208187539523752
CHEMBL5179490,Cn1ccnc1SCC1CCN(S(=O)(=O)c2ccc3ncsc3c2)CC1,0.48,0.3187587626244128
CHEMBL5179833,Cn1ccnc1SCC1CCN(S(=O)(=O)c2ccc3c(c2)CCO3)CC1,0.08,1.0969100130080565
CHEMBL5180782,Cn1cc(-c2cccc(C(=O)Nc3cc(N4CC[C@@H](C(C)(C)O)C4)ncc3C(F)(F)F)n2)cn1,0.6,0.2218487496163564
CHEMBL5182935,Cn1cc(-c2cccc(C(=O)Nc3cc(N4CC[C@@H](C(C)(C)O)C4)cnc3C(F)(F)F)n2)cn1,0.4,0.3979400086720376
CHEMBL5183719,O=c1[nH]cc(CSc2ccc(S(F)(F)(F)(F)F)cc2)[nH]c1=O,0.98,0.00877392430750515
CHEMBL5187721,Fc1cc(COC2CCN(Cc3ccc4[nH]cnc4c3)CC2)ccc1Cl,2.4,-0.38021124171160603
CHEMBL5187721,Fc1cc(COC2CCN(Cc3ccc4[nH]cnc4c3)CC2)ccc1Cl,2.4,-0.38021124171160603
CHEMBL5187721,Fc1cc(COC2CCN(Cc3ccc4[nH]cnc4c3)CC2)ccc1Cl,4.94,-0.693726948923647
CHEMBL5187721,Fc1cc(COC2CCN(Cc3ccc4[nH]cnc4c3)CC2)ccc1Cl,4.94,-0.693726948923647
CHEMBL5188193,C[C@@]1(c2c[nH]c(=O)c(=O)[nH]2)COc2cc(Cl)ccc2S1,0.06,1.2218487496163564
CHEMBL5188831,O=S(=O)(c1ccc2c(c1)CCO2)N1CCC(CSc2nccs2)CC1,0.27,0.5686362358410126
CHEMBL5190430,N#Cc1ccc(SCc2c[nH]c(=O)c(=O)[nH]2)cc1Cl,0.23,0.638272163982407
CHEMBL5191702,O=c1[nH]cc(CSc2ccc(C(F)F)cc2)[nH]c1=O,0.18,0.744727494896694
CHEMBL5192253,COc1cc(OC)c(F)c(COc2cnc(Nc3cnn(CCO)c3)n[14cH]2)c1F,0.15,0.8239087409443188
CHEMBL5192253,COc1cc(OC)c(F)c(COc2cnc(Nc3cnn(CCO)c3)n[14cH]2)c1F,0.2,0.6989700043360187
CHEMBL5192253,COc1cc(OC)c(F)c(COc2cnc(Nc3cnn(CCO)c3)n[14cH]2)c1F,0.69,0.16115090926274472
CHEMBL5194500,O=c1[nH]c2ccsc2[nH]c1=O,0.004,2.3979400086720375
CHEMBL5194692,CCOc1ccc(F)cc1NC(=O)c1cc(C)ccc1NS(=O)(=O)C1CC1,0.57,0.24412514432750865
CHEMBL5195160,CCOc1ccc(F)cc1NC(=O)c1cc(F)ccc1NS(=O)(=O)C1CC1,0.19,0.721246399047171
CHEMBL5196183,Cc1cn(C)c(SCC2CCN(S(=O)(=O)c3ccc4c(c3)CCO4)CC2)n1,0.07,1.154901959985743
CHEMBL5198797,Cc1nc(SCC2CCN(S(=O)(=O)c3ccc4c(c3)CCO4)CC2)n(C)c1C,0.22,0.6575773191777937
CHEMBL5202673,O=c1[nH]cc(CCc2ccc(Cl)cc2)[nH]c1=O,0.17,0.769551078621726
CHEMBL5203148,Cn1ccnc1SCC1CCN(S(=O)(=O)c2ccc3c(c2)OCO3)CC1,0.53,0.27572413039921095
CHEMBL5204021,Cn1ccnc1SC[C@H]1CCN(S(=O)(=O)c2ccc3c(c2)CCO3)C[C@@H]1F,0.27,0.5686362358410126
CHEMBL5204869,Clc1ccc(Oc2ccc(Nc3ncnc4[nH]ccc34)cc2)cc1,2.63,-0.41995574848975786
CHEMBL5204869,Clc1ccc(Oc2ccc(Nc3ncnc4[nH]ccc34)cc2)cc1,2.67,-0.42651126136457523
CHEMBL5207640,COc1ccc(-c2nnc(-c3cc(Cl)ccc3-c3ccnn3C)o2)cc1OC,3.1,-0.4913616938342727
CHEMBL5207808,Cc1nnc(SCC2CCN(S(=O)(=O)c3ccc4c(c3)CCO4)CC2)s1,1.25,-0.09691001300805642
CHEMBL5209198,CC(Sc1nccn1C)C1CCN(S(=O)(=O)c2ccc3c(c2)CCO3)CC1,0.22,0.6575773191777937
CHEMBL521982,O=C(Nc1nc(C(F)(F)F)co1)C1c2ccccc2Oc2ccccc21,0.29,0.5376020021010439
CHEMBL5284890,Nc1ncc(-c2cc(N3CCC(F)(F)C3)nc(N3C[C@@H]4C[C@H]3CO4)n2)nc1OC(F)F,0.4,0.3979400086720376
CHEMBL5284890,Nc1ncc(-c2cc(N3CCC(F)(F)C3)nc(N3C[C@@H]4C[C@H]3CO4)n2)nc1OC(F)F,0.6,0.2218487496163564
CHEMBL5394686,COc1cc2ncnc(Nc3cccc(Cl)c3F)c2cc1OCCON1CCN(C)CC1,0.77,0.11350927482751812
CHEMBL5394686,COc1cc2ncnc(Nc3cccc(Cl)c3F)c2cc1OCCON1CCN(C)CC1,0.77,0.11350927482751812
CHEMBL5394686,COc1cc2ncnc(Nc3cccc(Cl)c3F)c2cc1OCCON1CCN(C)CC1,0.95,0.022276394711152253
CHEMBL5394686,COc1cc2ncnc(Nc3cccc(Cl)c3F)c2cc1OCCON1CCN(C)CC1,0.95,0.022276394711152253
CHEMBL539928,C[C@H](NC(=O)[C@](Cc1c[nH]c2ccccc12)(CN(C)C)NC(=O)OCc1cc2ccccc2o1)c1ccccc1,6.0,-0.7781512503836436
CHEMBL54,O=C(CCCN1CCC(O)(c2ccc(Cl)cc2)CC1)c1ccc(F)cc1,8.5,-0.9294189257142927
CHEMBL5402331,CS(=O)(=O)c1ccc(Nc2ncnc3sc(C(F)(F)F)cc23)cc1,0.82,0.08618614761628333
CHEMBL5404659,C[C@@H](Nc1ncc(-c2ccc3oc(=O)n(C)c3c2)nn1)c1ccc(F)cc1,1.4,-0.146128035678238
CHEMBL5410949,CS(=O)(=O)c1ccc(Nc2ncnc3sc(C#N)cc23)cc1,0.24,0.619788758288394
CHEMBL5415218,C[C@@H](Nc1ncc(-c2cncc(S(C)(=O)=O)c2)cn1)c1ccc(F)cc1,1.8,-0.25527250510330607
CHEMBL5422736,CS(=O)(=O)c1ccc(Nc2ncnc3sc(-c4ccccc4)cc23)cc1,0.89,0.05060999335508721
CHEMBL5424175,Brc1ccc2[nH]nc(C3=CCCNC3)c2c1,5.4,-0.7323937598229685
CHEMBL5428306,C[C@@H](Nc1cnc(-c2cncc(CC(F)(F)F)c2)cn1)c1ccc(F)cc1,3.8,-0.5797835966168101
CHEMBL5440409,Cc1cc2c(Nc3ccc(NS(C)(=O)=O)cc3)ncnc2s1,0.58,0.23657200643706275
CHEMBL553,C#Cc1cccc(Nc2ncnc3cc(OCCOC)c(OCCOC)cc23)c1,0.051,1.2924298239020637
CHEMBL70,CN1CC[C@]23c4c5ccc(O)c4O[C@H]2[C@@H](O)C=C[C@H]3[C@H]1C5,0.54,0.26760624017703144
CHEMBL70,CN1CC[C@]23c4c5ccc(O)c4O[C@H]2[C@@H](O)C=C[C@H]3[C@H]1C5,0.54,0.26760624017703144
CHEMBL708,O=C1Cc2cc(CCN3CCN(c4nsc5ccccc45)CC3)c(Cl)cc2N1,8.5,-0.9294189257142927
CHEMBL71,CN(C)CCCN1c2ccccc2Sc2ccc(Cl)cc21,8.5,-0.9294189257142927
CHEMBL716,OCCOCCN1CCN(C2=Nc3ccccc3Sc3ccccc32)CC1,8.5,-0.9294189257142927
CHEMBL85,Cc1nc2n(c(=O)c1CCN1CCC(c3noc4cc(F)ccc34)CC1)CCCC2,0.22,0.6575773191777937
CHEMBL85,Cc1nc2n(c(=O)c1CCN1CCC(c3noc4cc(F)ccc34)CC1)CCCC2,0.22,0.6575773191777937
CHEMBL85,Cc1nc2n(c(=O)c1CCN1CCC(c3noc4cc(F)ccc34)CC1)CCCC2,0.22,0.6575773191777937
CHEMBL85,Cc1nc2n(c(=O)c1CCN1CCC(c3noc4cc(F)ccc34)CC1)CCCC2,0.22,0.6575773191777937
CHEMBL85,Cc1nc2n(c(=O)c1CCN1CCC(c3noc4cc(F)ccc34)CC1)CCCC2,0.22,0.6575773191777937
CHEMBL85,Cc1nc2n(c(=O)c1CCN1CCC(c3noc4cc(F)ccc34)CC1)CCCC2,0.22,0.6575773191777937
CHEMBL85,Cc1nc2n(c(=O)c1CCN1CCC(c3noc4cc(F)ccc34)CC1)CCCC2,0.52,0.28399665636520083
CHEMBL85,Cc1nc2n(c(=O)c1CCN1CCC(c3noc4cc(F)ccc34)CC1)CCCC2,0.52,0.28399665636520083
CHEMBL85,Cc1nc2n(c(=O)c1CCN1CCC(c3noc4cc(F)ccc34)CC1)CCCC2,0.52,0.28399665636520083
CHEMBL85,Cc1nc2n(c(=O)c1CCN1CCC(c3noc4cc(F)ccc34)CC1)CCCC2,0.52,0.28399665636520083
CHEMBL85,Cc1nc2n(c(=O)c1CCN1CCC(c3noc4cc(F)ccc34)CC1)CCCC2,0.52,0.28399665636520083
CHEMBL85,Cc1nc2n(c(=O)c1CCN1CCC(c3noc4cc(F)ccc34)CC1)CCCC2,0.52,0.28399665636520083
CHEMBL85,Cc1nc2n(c(=O)c1CCN1CCC(c3noc4cc(F)ccc34)CC1)CCCC2,1.9,-0.2787536009528289
CHEMBL85,Cc1nc2n(c(=O)c1CCN1CCC(c3noc4cc(F)ccc34)CC1)CCCC2,1.9,-0.2787536009528289
CHEMBL85,Cc1nc2n(c(=O)c1CCN1CCC(c3noc4cc(F)ccc34)CC1)CCCC2,1.9,-0.2787536009528289
CHEMBL85,Cc1nc2n(c(=O)c1CCN1CCC(c3noc4cc(F)ccc34)CC1)CCCC2,1.9,-0.2787536009528289
CHEMBL85,Cc1nc2n(c(=O)c1CCN1CCC(c3noc4cc(F)ccc34)CC1)CCCC2,1.9,-0.2787536009528289
CHEMBL85,Cc1nc2n(c(=O)c1CCN1CCC(c3noc4cc(F)ccc34)CC1)CCCC2,1.9,-0.2787536009528289
CHEMBL85,Cc1nc2n(c(=O)c1CCN1CCC(c3noc4cc(F)ccc34)CC1)CCCC2,3.8,-0.5797835966168101
CHEMBL85,Cc1nc2n(c(=O)c1CCN1CCC(c3noc4cc(F)ccc34)CC1)CCCC2,3.8,-0.5797835966168101
CHEMBL85,Cc1nc2n(c(=O)c1CCN1CCC(c3noc4cc(F)ccc34)CC1)CCCC2,3.8,-0.5797835966168101
CHEMBL85,Cc1nc2n(c(=O)c1CCN1CCC(c3noc4cc(F)ccc34)CC1)CCCC2,3.8,-0.5797835966168101
CHEMBL85,Cc1nc2n(c(=O)c1CCN1CCC(c3noc4cc(F)ccc34)CC1)CCCC2,3.8,-0.5797835966168101
CHEMBL85,Cc1nc2n(c(=O)c1CCN1CCC(c3noc4cc(F)ccc34)CC1)CCCC2,3.8,-0.5797835966168101
CHEMBL85,Cc1nc2n(c(=O)c1CCN1CCC(c3noc4cc(F)ccc34)CC1)CCCC2,8.5,-0.9294189257142927
CHEMBL85,Cc1nc2n(c(=O)c1CCN1CCC(c3noc4cc(F)ccc34)CC1)CCCC2,8.5,-0.9294189257142927
CHEMBL85,Cc1nc2n(c(=O)c1CCN1CCC(c3noc4cc(F)ccc34)CC1)CCCC2,8.5,-0.9294189257142927
CHEMBL85,Cc1nc2n(c(=O)c1CCN1CCC(c3noc4cc(F)ccc34)CC1)CCCC2,8.5,-0.9294189257142927
CHEMBL85,Cc1nc2n(c(=O)c1CCN1CCC(c3noc4cc(F)ccc34)CC1)CCCC2,8.5,-0.9294189257142927
CHEMBL85,Cc1nc2n(c(=O)c1CCN1CCC(c3noc4cc(F)ccc34)CC1)CCCC2,8.5,-0.9294189257142927
CHEMBL972,C#CCN(C)[C@H](C)Cc1ccccc1,5.73,-0.75815462196739
