true,predicted
0.20065945,0.71047413
1.5850266,1.6632438
0.7212464,0.40254492
-0.14612803,0.07172621
0.26760623,-1.105591
0.30103,0.31771222
0.06550155,0.071726196
1.7447275,0.62529904
0.18708664,0.21095008
-0.06069784,-0.036582675
0.39794,0.20870927
0.39794,0.12330142
0.39794,0.094264835
1.3187587,0.46662706
0.22184876,0.36700958
1.853872,1.2740488
0.39794,0.37549117
0.65757734,0.64908916
0.45593196,0.12074408
0.07572071,0.87742746
-0.037426498,0.6640823
-0.041392684,0.29706007
0.39794,0.32673275
0.69897,1.1477625
2.154902,1.4816372
-0.07918125,-0.05396868
0.56863624,0.71313184
-0.041392684,0.29706007
-0.041392684,0.3306272
1.091515,0.86958903
1.69897,0.46564588
0.7212464,0.4666271
0.31875876,0.27489945
0.4436975,0.36714545
1.154902,0.8531773
0.04575749,0.3200616
0.4202164,-0.021044683
-0.5263393,0.47066516
1.69897,0.4033712
-0.32221928,-0.19994818
0.25181198,0.4865053
0.9586073,1.4596188
0.23657201,0.26010165
0.55284196,0.43914357
2.0,0.532713
0.34678748,0.18461914
0.79588,0.932816
1.09691,1.1262844
0.050609995,0.08667137
0.3767507,1.0223478
1.39794,0.41186246
1.0457575,1.1656821
0.124938734,0.25859514
0.21467017,0.10406488
0.92081875,0.38769427
0.61978877,0.35385093
0.36653155,0.15412444
2.0,0.90031457
0.63827217,0.054198377
-0.0,0.042599063
0.39794,0.4374924
1.7212464,2.6122272
0.7447275,0.47625557
0.9586073,0.29706007
0.88605666,0.7534436
0.35654733,0.2748995
0.13076828,-0.58956796
0.43179828,0.46481213
1.2218487,0.6408463
-0.38021123,-0.19994815
2.7447276,1.6260874
1.154902,1.208259
0.27572414,0.3362317
-0.11394335,0.23605202
0.45593196,0.28766942
0.4202164,-0.021044638
1.0409586,0.6640823
0.82390875,0.44383454
0.31875876,0.2748995
0.43179828,0.6943036
0.36653155,0.320633
0.13076828,-0.58956796
-0.29003462,0.11681631
0.017728766,0.1113836
1.69897,1.623693
0.31875876,-0.024537366
1.1135093,1.1572376
0.7447275,0.479472
0.55284196,0.4391436
-0.44715804,0.2942662
0.31875876,-0.09973015
1.769551,1.2466716
0.52287877,1.2250949
-0.14612803,0.1436091
0.08618615,0.026561085
0.9586073,0.31754592
-0.2552725,-0.29889557
-0.14612803,0.0717262
0.19382003,0.40336466
1.2218487,0.581979
0.56863624,0.71313184
0.1426675,0.14087306
0.79588,1.1656821
0.21467017,1.0497066
1.39794,0.10289085
0.04575749,0.41066238
-0.0,0.32346275
1.39794,0.8263998
1.1870867,0.20887706
0.050609995,0.07172621
0.13667715,0.056412492
-0.11394335,0.2801493
0.124938734,0.14957517
0.15490197,1.1681767
1.552842,1.1496723
0.9586073,0.5027758
-0.041392684,0.118955806
0.7212464,1.1572376
1.8239087,0.7369905
1.39794,1.0153588
-0.06069784,-0.036582675
0.9586073,0.347806
0.2596373,0.25180393
0.43179828,0.98569494
1.0,0.47100672
0.9586073,1.2614772
0.25181198,1.774066
1.2218487,0.57609814
1.69897,0.9656421
-0.17026171,0.79490703
0.21467017,0.076107845
0.06550155,0.0717262
0.15490197,0.39278653
-0.0,0.26802242
2.2218487,2.0503314
0.48148605,0.25674775
0.39794,0.39278653
0.537602,0.14360912
-0.38021123,-0.021044638
0.7695511,0.9026711
0.22184876,0.30989382
1.2146702,0.09601241
-0.11394335,-0.011469662
0.9586073,0.98737127
0.7695511,0.61650103
0.15490197,0.20209391
0.4436975,0.08793144
0.7212464,0.4033647
-0.041392684,0.29706007
0.22184876,0.22800912
0.13667715,0.21735008
0.34678748,-1.1156392
0.9586073,0.88162214
0.9586073,0.29706007
0.13076828,0.35797283
-0.32221928,-0.1999482
-0.38021123,-0.19994818
1.154902,0.7146028
-0.23044892,-0.13211484
2.09691,1.7740661
0.52287877,0.30730024
